unix_ts	ok	allocated	active	resident	sql_reserved	fetch_reserved	fetch_cache_resident	catalog_cache_resident	handoff_overlap	budget_limit	accounted	gap	vmrss_bytes	rssanon_bytes	raw_series
1791351977.087	1	4297752	5099520	14901248	0	0	0	0	0	4400000000	0	14901248	36036608	7802880	ravel_process_allocator_bytes{mode="all",allocator="jemalloc",stat="allocated"}=4297752;ravel_process_allocator_bytes{mode="all",allocator="jemalloc",stat="active"}=5099520;ravel_process_allocator_bytes{mode="all",allocator="jemalloc",stat="resident"}=14901248;ravel_cache_resident_bytes{mode="all",cache="fetch"}=0;ravel_cache_resident_bytes{mode="all",cache="catalog"}=0;ravel_memory_budget_bytes{mode="all"}=4400000000;ravel_memory_reserved_bytes{mode="all",component="sql"}=0;ravel_memory_reserved_bytes{mode="all",component="fetch"}=0;ravel_memory_handoff_overlap_bytes{mode="all"}=0
1791351982.087	1	4630504	5484544	15474688	0	0	0	0	0	4400000000	0	15474688	37920768	9146368	ravel_process_allocator_bytes{mode="all",allocator="jemalloc",stat="allocated"}=4630504;ravel_process_allocator_bytes{mode="all",allocator="jemalloc",stat="active"}=5484544;ravel_process_allocator_bytes{mode="all",allocator="jemalloc",stat="resident"}=15474688;ravel_cache_resident_bytes{mode="all",cache="fetch"}=0;ravel_cache_resident_bytes{mode="all",cache="catalog"}=0;ravel_memory_budget_bytes{mode="all"}=4400000000;ravel_memory_reserved_bytes{mode="all",component="sql"}=0;ravel_memory_reserved_bytes{mode="all",component="fetch"}=0;ravel_memory_handoff_overlap_bytes{mode="all"}=0
1791351987.087	1	4649216	5529600	15761408	0	0	0	0	0	4400000000	0	15761408	38440960	9404416	ravel_process_allocator_bytes{mode="all",allocator="jemalloc",stat="allocated"}=4649216;ravel_process_allocator_bytes{mode="all",allocator="jemalloc",stat="active"}=5529600;ravel_process_allocator_bytes{mode="all",allocator="jemalloc",stat="resident"}=15761408;ravel_cache_resident_bytes{mode="all",cache="fetch"}=0;ravel_cache_resident_bytes{mode="all",cache="catalog"}=0;ravel_memory_budget_bytes{mode="all"}=4400000000;ravel_memory_reserved_bytes{mode="all",component="sql"}=0;ravel_memory_reserved_bytes{mode="all",component="fetch"}=0;ravel_memory_handoff_overlap_bytes{mode="all"}=0
1791351992.087	1	4643408	5554176	15761408	0	0	0	0	0	4400000000	0	15761408	38465536	9428992	ravel_process_allocator_bytes{mode="all",allocator="jemalloc",stat="allocated"}=4643408;ravel_process_allocator_bytes{mode="all",allocator="jemalloc",stat="active"}=5554176;ravel_process_allocator_bytes{mode="all",allocator="jemalloc",stat="resident"}=15761408;ravel_cache_resident_bytes{mode="all",cache="fetch"}=0;ravel_cache_resident_bytes{mode="all",cache="catalog"}=0;ravel_memory_budget_bytes{mode="all"}=4400000000;ravel_memory_reserved_bytes{mode="all",component="sql"}=0;ravel_memory_reserved_bytes{mode="all",component="fetch"}=0;ravel_memory_handoff_overlap_bytes{mode="all"}=0
1791351997.087	1	4612816	5529600	15761408	0	0	0	0	0	4400000000	0	15761408	38465536	9428992	ravel_process_allocator_bytes{mode="all",allocator="jemalloc",stat="allocated"}=4612816;ravel_process_allocator_bytes{mode="all",allocator="jemalloc",stat="active"}=5529600;ravel_process_allocator_bytes{mode="all",allocator="jemalloc",stat="resident"}=15761408;ravel_cache_resident_bytes{mode="all",cache="fetch"}=0;ravel_cache_resident_bytes{mode="all",cache="catalog"}=0;ravel_memory_budget_bytes{mode="all"}=4400000000;ravel_memory_reserved_bytes{mode="all",component="sql"}=0;ravel_memory_reserved_bytes{mode="all",component="fetch"}=0;ravel_memory_handoff_overlap_bytes{mode="all"}=0
1791352002.087	1	4673296	5758976	15872000	0	0	0	0	0	4400000000	0	15872000	38674432	9506816	ravel_process_allocator_bytes{mode="all",allocator="jemalloc",stat="allocated"}=4673296;ravel_process_allocator_bytes{mode="all",allocator="jemalloc",stat="active"}=5758976;ravel_process_allocator_bytes{mode="all",allocator="jemalloc",stat="resident"}=15872000;ravel_cache_resident_bytes{mode="all",cache="fetch"}=0;ravel_cache_resident_bytes{mode="all",cache="catalog"}=0;ravel_memory_budget_bytes{mode="all"}=4400000000;ravel_memory_reserved_bytes{mode="all",component="sql"}=0;ravel_memory_reserved_bytes{mode="all",component="fetch"}=0;ravel_memory_handoff_overlap_bytes{mode="all"}=0
1791352007.087	1	4897640	6025216	16113664	0	0	0	0	0	4400000000	0	16113664	38682624	9515008	ravel_process_allocator_bytes{mode="all",allocator="jemalloc",stat="allocated"}=4897640;ravel_process_allocator_bytes{mode="all",allocator="jemalloc",stat="active"}=6025216;ravel_process_allocator_bytes{mode="all",allocator="jemalloc",stat="resident"}=16113664;ravel_cache_resident_bytes{mode="all",cache="fetch"}=0;ravel_cache_resident_bytes{mode="all",cache="catalog"}=0;ravel_memory_budget_bytes{mode="all"}=4400000000;ravel_memory_reserved_bytes{mode="all",component="sql"}=0;ravel_memory_reserved_bytes{mode="all",component="fetch"}=0;ravel_memory_handoff_overlap_bytes{mode="all"}=0
1791352012.087	1	4872808	6029312	16433152	0	0	0	0	0	4400000000	0	16433152	38965248	9797632	ravel_process_allocator_bytes{mode="all",allocator="jemalloc",stat="allocated"}=4872808;ravel_process_allocator_bytes{mode="all",allocator="jemalloc",stat="active"}=6029312;ravel_process_allocator_bytes{mode="all",allocator="jemalloc",stat="resident"}=16433152;ravel_cache_resident_bytes{mode="all",cache="fetch"}=0;ravel_cache_resident_bytes{mode="all",cache="catalog"}=0;ravel_memory_budget_bytes{mode="all"}=4400000000;ravel_memory_reserved_bytes{mode="all",component="sql"}=0;ravel_memory_reserved_bytes{mode="all",component="fetch"}=0;ravel_memory_handoff_overlap_bytes{mode="all"}=0
1791352017.087	1	4643992	5849088	16596992	0	0	0	0	0	4400000000	0	16596992	39079936	9912320	ravel_process_allocator_bytes{mode="all",allocator="jemalloc",stat="allocated"}=4643992;ravel_process_allocator_bytes{mode="all",allocator="jemalloc",stat="active"}=5849088;ravel_process_allocator_bytes{mode="all",allocator="jemalloc",stat="resident"}=16596992;ravel_cache_resident_bytes{mode="all",cache="fetch"}=0;ravel_cache_resident_bytes{mode="all",cache="catalog"}=0;ravel_memory_budget_bytes{mode="all"}=4400000000;ravel_memory_reserved_bytes{mode="all",component="sql"}=0;ravel_memory_reserved_bytes{mode="all",component="fetch"}=0;ravel_memory_handoff_overlap_bytes{mode="all"}=0
1791352022.088	1	518412400	532701184	921673728	198819344	0	133723152	0	0	4400000000	332542496	589131232	936206336	865202176	ravel_process_allocator_bytes{mode="all",allocator="jemalloc",stat="allocated"}=518412400;ravel_process_allocator_bytes{mode="all",allocator="jemalloc",stat="active"}=532701184;ravel_process_allocator_bytes{mode="all",allocator="jemalloc",stat="resident"}=921673728;ravel_cache_resident_bytes{mode="all",cache="fetch"}=133723152;ravel_cache_resident_bytes{mode="all",cache="catalog"}=0;ravel_memory_budget_bytes{mode="all"}=4400000000;ravel_memory_reserved_bytes{mode="all",component="sql"}=198819344;ravel_memory_reserved_bytes{mode="all",component="fetch"}=0;ravel_memory_handoff_overlap_bytes{mode="all"}=0
1791352027.087	1	1440876472	1453694976	2251288576	994079136	9090628	214931706	0	9090628	4400000000	1218101470	1033187106	2039459840	1967878144	ravel_process_allocator_bytes{mode="all",allocator="jemalloc",stat="allocated"}=1440876472;ravel_process_allocator_bytes{mode="all",allocator="jemalloc",stat="active"}=1453694976;ravel_process_allocator_bytes{mode="all",allocator="jemalloc",stat="resident"}=2251288576;ravel_cache_resident_bytes{mode="all",cache="fetch"}=214931706;ravel_cache_resident_bytes{mode="all",cache="catalog"}=0;ravel_memory_budget_bytes{mode="all"}=4400000000;ravel_memory_reserved_bytes{mode="all",component="sql"}=994079136;ravel_memory_reserved_bytes{mode="all",component="fetch"}=9090628;ravel_memory_handoff_overlap_bytes{mode="all"}=9090628
1791352032.087	1	3074592488	3099119616	4344717312	12880118	689050572	2193004091	0	377736293	4400000000	2894934781	1449782531	4301213696	4229091328	ravel_process_allocator_bytes{mode="all",allocator="jemalloc",stat="allocated"}=3074592488;ravel_process_allocator_bytes{mode="all",allocator="jemalloc",stat="active"}=3099119616;ravel_process_allocator_bytes{mode="all",allocator="jemalloc",stat="resident"}=4344717312;ravel_cache_resident_bytes{mode="all",cache="fetch"}=2193004091;ravel_cache_resident_bytes{mode="all",cache="catalog"}=0;ravel_memory_budget_bytes{mode="all"}=4400000000;ravel_memory_reserved_bytes{mode="all",component="sql"}=12880118;ravel_memory_reserved_bytes{mode="all",component="fetch"}=689050572;ravel_memory_handoff_overlap_bytes{mode="all"}=377736293
1791352037.087	1	3681474240	3707940864	4164157440	194630278	152926397	2579122214	0	152926397	4400000000	2926678889	1237478551	4053012480	3979771904	ravel_process_allocator_bytes{mode="all",allocator="jemalloc",stat="allocated"}=3681474240;ravel_process_allocator_bytes{mode="all",allocator="jemalloc",stat="active"}=3707940864;ravel_process_allocator_bytes{mode="all",allocator="jemalloc",stat="resident"}=4164157440;ravel_cache_resident_bytes{mode="all",cache="fetch"}=2579122214;ravel_cache_resident_bytes{mode="all",cache="catalog"}=0;ravel_memory_budget_bytes{mode="all"}=4400000000;ravel_memory_reserved_bytes{mode="all",component="sql"}=194630278;ravel_memory_reserved_bytes{mode="all",component="fetch"}=152926397;ravel_memory_handoff_overlap_bytes{mode="all"}=152926397
1791352042.088	1	3598072832	3619106816	4527689728	255950055	0	2608096784	0	0	4400000000	2864046839	1663642889	4450619392	4377022464	ravel_process_allocator_bytes{mode="all",allocator="jemalloc",stat="allocated"}=3598072832;ravel_process_allocator_bytes{mode="all",allocator="jemalloc",stat="active"}=3619106816;ravel_process_allocator_bytes{mode="all",allocator="jemalloc",stat="resident"}=4527689728;ravel_cache_resident_bytes{mode="all",cache="fetch"}=2608096784;ravel_cache_resident_bytes{mode="all",cache="catalog"}=0;ravel_memory_budget_bytes{mode="all"}=4400000000;ravel_memory_reserved_bytes{mode="all",component="sql"}=255950055;ravel_memory_reserved_bytes{mode="all",component="fetch"}=0;ravel_memory_handoff_overlap_bytes{mode="all"}=0
1791352047.087	1	3303127296	3326652416	4279541760	0	0	2608096784	0	0	4400000000	2608096784	1671444976	4110852096	4036796416	ravel_process_allocator_bytes{mode="all",allocator="jemalloc",stat="allocated"}=3303127296;ravel_process_allocator_bytes{mode="all",allocator="jemalloc",stat="active"}=3326652416;ravel_process_allocator_bytes{mode="all",allocator="jemalloc",stat="resident"}=4279541760;ravel_cache_resident_bytes{mode="all",cache="fetch"}=2608096784;ravel_cache_resident_bytes{mode="all",cache="catalog"}=0;ravel_memory_budget_bytes{mode="all"}=4400000000;ravel_memory_reserved_bytes{mode="all",component="sql"}=0;ravel_memory_reserved_bytes{mode="all",component="fetch"}=0;ravel_memory_handoff_overlap_bytes{mode="all"}=0
1791352052.087	1	6162484568	6202679296	7572738048	2566574618	126270207	2608096784	0	126270207	4400000000	5300941609	2271796439	6780289024	6706102272	ravel_process_allocator_bytes{mode="all",allocator="jemalloc",stat="allocated"}=6162484568;ravel_process_allocator_bytes{mode="all",allocator="jemalloc",stat="active"}=6202679296;ravel_process_allocator_bytes{mode="all",allocator="jemalloc",stat="resident"}=7572738048;ravel_cache_resident_bytes{mode="all",cache="fetch"}=2608096784;ravel_cache_resident_bytes{mode="all",cache="catalog"}=0;ravel_memory_budget_bytes{mode="all"}=4400000000;ravel_memory_reserved_bytes{mode="all",component="sql"}=2566574618;ravel_memory_reserved_bytes{mode="all",component="fetch"}=126270207;ravel_memory_handoff_overlap_bytes{mode="all"}=126270207
1791352057.092	1	5916851144	5953003520	7226564608	2469194264	157235101	2608096784	0	157235101	4400000000	5234526149	1992038459	6552768512	6478581760	ravel_process_allocator_bytes{mode="all",allocator="jemalloc",stat="allocated"}=5916851144;ravel_process_allocator_bytes{mode="all",allocator="jemalloc",stat="active"}=5953003520;ravel_process_allocator_bytes{mode="all",allocator="jemalloc",stat="resident"}=7226564608;ravel_cache_resident_bytes{mode="all",cache="fetch"}=2608096784;ravel_cache_resident_bytes{mode="all",cache="catalog"}=0;ravel_memory_budget_bytes{mode="all"}=4400000000;ravel_memory_reserved_bytes{mode="all",component="sql"}=2469194264;ravel_memory_reserved_bytes{mode="all",component="fetch"}=157235101;ravel_memory_handoff_overlap_bytes{mode="all"}=157235101
1791352062.087	1	6739612688	6783205376	7925682176	2720672379	421870053	2608096784	0	421870053	4400000000	5750639216	2175042960	6793584640	6719332352	ravel_process_allocator_bytes{mode="all",allocator="jemalloc",stat="allocated"}=6739612688;ravel_process_allocator_bytes{mode="all",allocator="jemalloc",stat="active"}=6783205376;ravel_process_allocator_bytes{mode="all",allocator="jemalloc",stat="resident"}=7925682176;ravel_cache_resident_bytes{mode="all",cache="fetch"}=2608096784;ravel_cache_resident_bytes{mode="all",cache="catalog"}=0;ravel_memory_budget_bytes{mode="all"}=4400000000;ravel_memory_reserved_bytes{mode="all",component="sql"}=2720672379;ravel_memory_reserved_bytes{mode="all",component="fetch"}=421870053;ravel_memory_handoff_overlap_bytes{mode="all"}=421870053
1791352067.087	1	6273899392	6316662784	7429439488	2570953389	313952019	2608096784	0	313952019	4400000000	5493002192	1936437296	6982852608	6908600320	ravel_process_allocator_bytes{mode="all",allocator="jemalloc",stat="allocated"}=6273899392;ravel_process_allocator_bytes{mode="all",allocator="jemalloc",stat="active"}=6316662784;ravel_process_allocator_bytes{mode="all",allocator="jemalloc",stat="resident"}=7429439488;ravel_cache_resident_bytes{mode="all",cache="fetch"}=2608096784;ravel_cache_resident_bytes{mode="all",cache="catalog"}=0;ravel_memory_budget_bytes{mode="all"}=4400000000;ravel_memory_reserved_bytes{mode="all",component="sql"}=2570953389;ravel_memory_reserved_bytes{mode="all",component="fetch"}=313952019;ravel_memory_handoff_overlap_bytes{mode="all"}=313952019
1791352072.088	1	5891905640	5925888000	7281258496	1638540910	29451122	2616008434	0	29451122	4400000000	4284000466	2997258030	7014453248	6940164096	ravel_process_allocator_bytes{mode="all",allocator="jemalloc",stat="allocated"}=5891905640;ravel_process_allocator_bytes{mode="all",allocator="jemalloc",stat="active"}=5925888000;ravel_process_allocator_bytes{mode="all",allocator="jemalloc",stat="resident"}=7281258496;ravel_cache_resident_bytes{mode="all",cache="fetch"}=2616008434;ravel_cache_resident_bytes{mode="all",cache="catalog"}=0;ravel_memory_budget_bytes{mode="all"}=4400000000;ravel_memory_reserved_bytes{mode="all",component="sql"}=1638540910;ravel_memory_reserved_bytes{mode="all",component="fetch"}=29451122;ravel_memory_handoff_overlap_bytes{mode="all"}=29451122
1791352077.087	1	6267364968	6312255488	7848407040	1646931568	566155856	2616008434	0	566155856	4400000000	4829095858	3019311182	7408873472	7334584320	ravel_process_allocator_bytes{mode="all",allocator="jemalloc",stat="allocated"}=6267364968;ravel_process_allocator_bytes{mode="all",allocator="jemalloc",stat="active"}=6312255488;ravel_process_allocator_bytes{mode="all",allocator="jemalloc",stat="resident"}=7848407040;ravel_cache_resident_bytes{mode="all",cache="fetch"}=2616008434;ravel_cache_resident_bytes{mode="all",cache="catalog"}=0;ravel_memory_budget_bytes{mode="all"}=4400000000;ravel_memory_reserved_bytes{mode="all",component="sql"}=1646931568;ravel_memory_reserved_bytes{mode="all",component="fetch"}=566155856;ravel_memory_handoff_overlap_bytes{mode="all"}=566155856
1791352082.087	1	5907329168	5945012224	7066411008	1808906941	279142112	2616008434	0	279142112	4400000000	4704057487	2362353521	6650929152	6576640000	ravel_process_allocator_bytes{mode="all",allocator="jemalloc",stat="allocated"}=5907329168;ravel_process_allocator_bytes{mode="all",allocator="jemalloc",stat="active"}=5945012224;ravel_process_allocator_bytes{mode="all",allocator="jemalloc",stat="resident"}=7066411008;ravel_cache_resident_bytes{mode="all",cache="fetch"}=2616008434;ravel_cache_resident_bytes{mode="all",cache="catalog"}=0;ravel_memory_budget_bytes{mode="all"}=4400000000;ravel_memory_reserved_bytes{mode="all",component="sql"}=1808906941;ravel_memory_reserved_bytes{mode="all",component="fetch"}=279142112;ravel_memory_handoff_overlap_bytes{mode="all"}=279142112
1791352087.087	1	4258558696	4290166784	6597644288	674059084	34245507	2691650939	0	34245507	4400000000	3399955530	3197688758	6533693440	6459363328	ravel_process_allocator_bytes{mode="all",allocator="jemalloc",stat="allocated"}=4258558696;ravel_process_allocator_bytes{mode="all",allocator="jemalloc",stat="active"}=4290166784;ravel_process_allocator_bytes{mode="all",allocator="jemalloc",stat="resident"}=6597644288;ravel_cache_resident_bytes{mode="all",cache="fetch"}=2691650939;ravel_cache_resident_bytes{mode="all",cache="catalog"}=0;ravel_memory_budget_bytes{mode="all"}=4400000000;ravel_memory_reserved_bytes{mode="all",component="sql"}=674059084;ravel_memory_reserved_bytes{mode="all",component="fetch"}=34245507;ravel_memory_handoff_overlap_bytes{mode="all"}=34245507
1791352092.087	1	6294882960	6330384384	7487782912	1304390384	192491387	2691650939	0	192491387	4400000000	4188532710	3299250202	7106691072	7032360960	ravel_process_allocator_bytes{mode="all",allocator="jemalloc",stat="allocated"}=6294882960;ravel_process_allocator_bytes{mode="all",allocator="jemalloc",stat="active"}=6330384384;ravel_process_allocator_bytes{mode="all",allocator="jemalloc",stat="resident"}=7487782912;ravel_cache_resident_bytes{mode="all",cache="fetch"}=2691650939;ravel_cache_resident_bytes{mode="all",cache="catalog"}=0;ravel_memory_budget_bytes{mode="all"}=4400000000;ravel_memory_reserved_bytes{mode="all",component="sql"}=1304390384;ravel_memory_reserved_bytes{mode="all",component="fetch"}=192491387;ravel_memory_handoff_overlap_bytes{mode="all"}=192491387
1791352097.087	1	7944386512	8000163840	8405041152	2231141762	1061845161	2691650939	0	1061845161	4400000000	5984637862	2420403290	7077355520	7003025408	ravel_process_allocator_bytes{mode="all",allocator="jemalloc",stat="allocated"}=7944386512;ravel_process_allocator_bytes{mode="all",allocator="jemalloc",stat="active"}=8000163840;ravel_process_allocator_bytes{mode="all",allocator="jemalloc",stat="resident"}=8405041152;ravel_cache_resident_bytes{mode="all",cache="fetch"}=2691650939;ravel_cache_resident_bytes{mode="all",cache="catalog"}=0;ravel_memory_budget_bytes{mode="all"}=4400000000;ravel_memory_reserved_bytes{mode="all",component="sql"}=2231141762;ravel_memory_reserved_bytes{mode="all",component="fetch"}=1061845161;ravel_memory_handoff_overlap_bytes{mode="all"}=1061845161
1791352102.087	1	5408631760	5443883008	6559973376	1416585811	158811673	2691650939	0	158811673	4400000000	4267048423	2292924953	6223138816	6148808704	ravel_process_allocator_bytes{mode="all",allocator="jemalloc",stat="allocated"}=5408631760;ravel_process_allocator_bytes{mode="all",allocator="jemalloc",stat="active"}=5443883008;ravel_process_allocator_bytes{mode="all",allocator="jemalloc",stat="resident"}=6559973376;ravel_cache_resident_bytes{mode="all",cache="fetch"}=2691650939;ravel_cache_resident_bytes{mode="all",cache="catalog"}=0;ravel_memory_budget_bytes{mode="all"}=4400000000;ravel_memory_reserved_bytes{mode="all",component="sql"}=1416585811;ravel_memory_reserved_bytes{mode="all",component="fetch"}=158811673;ravel_memory_handoff_overlap_bytes{mode="all"}=158811673
1791352107.087	1	4845777032	4880089088	6861529088	1201508048	183611722	2691650939	0	183611722	4400000000	4076770709	2784758379	6627962880	6553632768	ravel_process_allocator_bytes{mode="all",allocator="jemalloc",stat="allocated"}=4845777032;ravel_process_allocator_bytes{mode="all",allocator="jemalloc",stat="active"}=4880089088;ravel_process_allocator_bytes{mode="all",allocator="jemalloc",stat="resident"}=6861529088;ravel_cache_resident_bytes{mode="all",cache="fetch"}=2691650939;ravel_cache_resident_bytes{mode="all",cache="catalog"}=0;ravel_memory_budget_bytes{mode="all"}=4400000000;ravel_memory_reserved_bytes{mode="all",component="sql"}=1201508048;ravel_memory_reserved_bytes{mode="all",component="fetch"}=183611722;ravel_memory_handoff_overlap_bytes{mode="all"}=183611722
1791352112.087	1	4141190440	4171739136	5927755776	740202256	133780739	2691650939	0	133780739	4400000000	3565633934	2362121842	6016679936	5942349824	ravel_process_allocator_bytes{mode="all",allocator="jemalloc",stat="allocated"}=4141190440;ravel_process_allocator_bytes{mode="all",allocator="jemalloc",stat="active"}=4171739136;ravel_process_allocator_bytes{mode="all",allocator="jemalloc",stat="resident"}=5927755776;ravel_cache_resident_bytes{mode="all",cache="fetch"}=2691650939;ravel_cache_resident_bytes{mode="all",cache="catalog"}=0;ravel_memory_budget_bytes{mode="all"}=4400000000;ravel_memory_reserved_bytes{mode="all",component="sql"}=740202256;ravel_memory_reserved_bytes{mode="all",component="fetch"}=133780739;ravel_memory_handoff_overlap_bytes{mode="all"}=133780739
1791352117.087	1	4718934256	4752158720	6773284864	1047886631	70887328	2691650939	0	70887328	4400000000	3810424898	2962859966	6572544000	6498213888	ravel_process_allocator_bytes{mode="all",allocator="jemalloc",stat="allocated"}=4718934256;ravel_process_allocator_bytes{mode="all",allocator="jemalloc",stat="active"}=4752158720;ravel_process_allocator_bytes{mode="all",allocator="jemalloc",stat="resident"}=6773284864;ravel_cache_resident_bytes{mode="all",cache="fetch"}=2691650939;ravel_cache_resident_bytes{mode="all",cache="catalog"}=0;ravel_memory_budget_bytes{mode="all"}=4400000000;ravel_memory_reserved_bytes{mode="all",component="sql"}=1047886631;ravel_memory_reserved_bytes{mode="all",component="fetch"}=70887328;ravel_memory_handoff_overlap_bytes{mode="all"}=70887328
1791352122.087	1	6989367312	7034417152	9053483008	2656011132	346527149	2691650939	0	346527149	4400000000	5694189220	3359293788	8098193408	8023863296	ravel_process_allocator_bytes{mode="all",allocator="jemalloc",stat="allocated"}=6989367312;ravel_process_allocator_bytes{mode="all",allocator="jemalloc",stat="active"}=7034417152;ravel_process_allocator_bytes{mode="all",allocator="jemalloc",stat="resident"}=9053483008;ravel_cache_resident_bytes{mode="all",cache="fetch"}=2691650939;ravel_cache_resident_bytes{mode="all",cache="catalog"}=0;ravel_memory_budget_bytes{mode="all"}=4400000000;ravel_memory_reserved_bytes{mode="all",component="sql"}=2656011132;ravel_memory_reserved_bytes{mode="all",component="fetch"}=346527149;ravel_memory_handoff_overlap_bytes{mode="all"}=346527149
1791352127.087	1	6549578776	6586470400	7834869760	2528104524	274495239	2691650939	0	274495239	4400000000	5494250702	2340619058	7170699264	7096369152	ravel_process_allocator_bytes{mode="all",allocator="jemalloc",stat="allocated"}=6549578776;ravel_process_allocator_bytes{mode="all",allocator="jemalloc",stat="active"}=6586470400;ravel_process_allocator_bytes{mode="all",allocator="jemalloc",stat="resident"}=7834869760;ravel_cache_resident_bytes{mode="all",cache="fetch"}=2691650939;ravel_cache_resident_bytes{mode="all",cache="catalog"}=0;ravel_memory_budget_bytes{mode="all"}=4400000000;ravel_memory_reserved_bytes{mode="all",component="sql"}=2528104524;ravel_memory_reserved_bytes{mode="all",component="fetch"}=274495239;ravel_memory_handoff_overlap_bytes{mode="all"}=274495239
1791352132.087	1	7522031560	7566958592	9201631232	3251789589	230256263	2691650939	0	230256263	4400000000	6173696791	3027934441	8227610624	8153280512	ravel_process_allocator_bytes{mode="all",allocator="jemalloc",stat="allocated"}=7522031560;ravel_process_allocator_bytes{mode="all",allocator="jemalloc",stat="active"}=7566958592;ravel_process_allocator_bytes{mode="all",allocator="jemalloc",stat="resident"}=9201631232;ravel_cache_resident_bytes{mode="all",cache="fetch"}=2691650939;ravel_cache_resident_bytes{mode="all",cache="catalog"}=0;ravel_memory_budget_bytes{mode="all"}=4400000000;ravel_memory_reserved_bytes{mode="all",component="sql"}=3251789589;ravel_memory_reserved_bytes{mode="all",component="fetch"}=230256263;ravel_memory_handoff_overlap_bytes{mode="all"}=230256263
1791352137.087	1	5589884024	5624397824	7044206592	1946341899	149442808	2691650939	0	149442808	4400000000	4787435646	2256770946	6785585152	6711255040	ravel_process_allocator_bytes{mode="all",allocator="jemalloc",stat="allocated"}=5589884024;ravel_process_allocator_bytes{mode="all",allocator="jemalloc",stat="active"}=5624397824;ravel_process_allocator_bytes{mode="all",allocator="jemalloc",stat="resident"}=7044206592;ravel_cache_resident_bytes{mode="all",cache="fetch"}=2691650939;ravel_cache_resident_bytes{mode="all",cache="catalog"}=0;ravel_memory_budget_bytes{mode="all"}=4400000000;ravel_memory_reserved_bytes{mode="all",component="sql"}=1946341899;ravel_memory_reserved_bytes{mode="all",component="fetch"}=149442808;ravel_memory_handoff_overlap_bytes{mode="all"}=149442808
1791352142.087	1	5897941016	5931708416	7623352320	1457772700	146987594	2691650939	0	146987594	4400000000	4296411233	3326941087	6858072064	6783741952	ravel_process_allocator_bytes{mode="all",allocator="jemalloc",stat="allocated"}=5897941016;ravel_process_allocator_bytes{mode="all",allocator="jemalloc",stat="active"}=5931708416;ravel_process_allocator_bytes{mode="all",allocator="jemalloc",stat="resident"}=7623352320;ravel_cache_resident_bytes{mode="all",cache="fetch"}=2691650939;ravel_cache_resident_bytes{mode="all",cache="catalog"}=0;ravel_memory_budget_bytes{mode="all"}=4400000000;ravel_memory_reserved_bytes{mode="all",component="sql"}=1457772700;ravel_memory_reserved_bytes{mode="all",component="fetch"}=146987594;ravel_memory_handoff_overlap_bytes{mode="all"}=146987594
1791352147.087	1	4488762160	4524568576	6293876736	674436941	54706166	2691650939	0	54706166	4400000000	3420794046	2873082690	6250037248	6175641600	ravel_process_allocator_bytes{mode="all",allocator="jemalloc",stat="allocated"}=4488762160;ravel_process_allocator_bytes{mode="all",allocator="jemalloc",stat="active"}=4524568576;ravel_process_allocator_bytes{mode="all",allocator="jemalloc",stat="resident"}=6293876736;ravel_cache_resident_bytes{mode="all",cache="fetch"}=2691650939;ravel_cache_resident_bytes{mode="all",cache="catalog"}=0;ravel_memory_budget_bytes{mode="all"}=4400000000;ravel_memory_reserved_bytes{mode="all",component="sql"}=674436941;ravel_memory_reserved_bytes{mode="all",component="fetch"}=54706166;ravel_memory_handoff_overlap_bytes{mode="all"}=54706166
1791352152.087	1	3667436128	3700461568	5430206464	321020474	74736101	2691650939	0	74736101	4400000000	3087407514	2342798950	5463470080	5389074432	ravel_process_allocator_bytes{mode="all",allocator="jemalloc",stat="allocated"}=3667436128;ravel_process_allocator_bytes{mode="all",allocator="jemalloc",stat="active"}=3700461568;ravel_process_allocator_bytes{mode="all",allocator="jemalloc",stat="resident"}=5430206464;ravel_cache_resident_bytes{mode="all",cache="fetch"}=2691650939;ravel_cache_resident_bytes{mode="all",cache="catalog"}=0;ravel_memory_budget_bytes{mode="all"}=4400000000;ravel_memory_reserved_bytes{mode="all",component="sql"}=321020474;ravel_memory_reserved_bytes{mode="all",component="fetch"}=74736101;ravel_memory_handoff_overlap_bytes{mode="all"}=74736101
1791352157.087	1	5146000000	5186781184	6261407744	1193122703	342207514	2691650939	0	342207514	4400000000	4226981156	2034426588	6141956096	6067560448	ravel_process_allocator_bytes{mode="all",allocator="jemalloc",stat="allocated"}=5146000000;ravel_process_allocator_bytes{mode="all",allocator="jemalloc",stat="active"}=5186781184;ravel_process_allocator_bytes{mode="all",allocator="jemalloc",stat="resident"}=6261407744;ravel_cache_resident_bytes{mode="all",cache="fetch"}=2691650939;ravel_cache_resident_bytes{mode="all",cache="catalog"}=0;ravel_memory_budget_bytes{mode="all"}=4400000000;ravel_memory_reserved_bytes{mode="all",component="sql"}=1193122703;ravel_memory_reserved_bytes{mode="all",component="fetch"}=342207514;ravel_memory_handoff_overlap_bytes{mode="all"}=342207514
1791352162.087	1	6830794280	6869016576	8243499008	1908029470	157310089	2691650939	0	157310089	4400000000	4756990498	3486508510	7560552448	7486156800	ravel_process_allocator_bytes{mode="all",allocator="jemalloc",stat="allocated"}=6830794280;ravel_process_allocator_bytes{mode="all",allocator="jemalloc",stat="active"}=6869016576;ravel_process_allocator_bytes{mode="all",allocator="jemalloc",stat="resident"}=8243499008;ravel_cache_resident_bytes{mode="all",cache="fetch"}=2691650939;ravel_cache_resident_bytes{mode="all",cache="catalog"}=0;ravel_memory_budget_bytes{mode="all"}=4400000000;ravel_memory_reserved_bytes{mode="all",component="sql"}=1908029470;ravel_memory_reserved_bytes{mode="all",component="fetch"}=157310089;ravel_memory_handoff_overlap_bytes{mode="all"}=157310089
1791352167.087	1	5584584792	5625487360	6972407808	1646167636	86902544	2691650939	0	86902544	4400000000	4424721119	2547686689	6710792192	6636396544	ravel_process_allocator_bytes{mode="all",allocator="jemalloc",stat="allocated"}=5584584792;ravel_process_allocator_bytes{mode="all",allocator="jemalloc",stat="active"}=5625487360;ravel_process_allocator_bytes{mode="all",allocator="jemalloc",stat="resident"}=6972407808;ravel_cache_resident_bytes{mode="all",cache="fetch"}=2691650939;ravel_cache_resident_bytes{mode="all",cache="catalog"}=0;ravel_memory_budget_bytes{mode="all"}=4400000000;ravel_memory_reserved_bytes{mode="all",component="sql"}=1646167636;ravel_memory_reserved_bytes{mode="all",component="fetch"}=86902544;ravel_memory_handoff_overlap_bytes{mode="all"}=86902544
1791352172.087	1	4315195760	4345171968	5998759936	841930053	180999828	2691650939	0	180999828	4400000000	3714580820	2284179116	6224097280	6149701632	ravel_process_allocator_bytes{mode="all",allocator="jemalloc",stat="allocated"}=4315195760;ravel_process_allocator_bytes{mode="all",allocator="jemalloc",stat="active"}=4345171968;ravel_process_allocator_bytes{mode="all",allocator="jemalloc",stat="resident"}=5998759936;ravel_cache_resident_bytes{mode="all",cache="fetch"}=2691650939;ravel_cache_resident_bytes{mode="all",cache="catalog"}=0;ravel_memory_budget_bytes{mode="all"}=4400000000;ravel_memory_reserved_bytes{mode="all",component="sql"}=841930053;ravel_memory_reserved_bytes{mode="all",component="fetch"}=180999828;ravel_memory_handoff_overlap_bytes{mode="all"}=180999828
1791352177.087	1	4856563088	4894113792	6165381120	952081301	213834192	2691650939	0	213834192	4400000000	3857566432	2307814688	5986623488	5912223744	ravel_process_allocator_bytes{mode="all",allocator="jemalloc",stat="allocated"}=4856563088;ravel_process_allocator_bytes{mode="all",allocator="jemalloc",stat="active"}=4894113792;ravel_process_allocator_bytes{mode="all",allocator="jemalloc",stat="resident"}=6165381120;ravel_cache_resident_bytes{mode="all",cache="fetch"}=2691650939;ravel_cache_resident_bytes{mode="all",cache="catalog"}=0;ravel_memory_budget_bytes{mode="all"}=4400000000;ravel_memory_reserved_bytes{mode="all",component="sql"}=952081301;ravel_memory_reserved_bytes{mode="all",component="fetch"}=213834192;ravel_memory_handoff_overlap_bytes{mode="all"}=213834192
1791352182.087	1	4389627680	4416110592	6004027392	481329898	173477574	2691650939	0	173477574	4400000000	3346458411	2657568981	5769232384	5694828544	ravel_process_allocator_bytes{mode="all",allocator="jemalloc",stat="allocated"}=4389627680;ravel_process_allocator_bytes{mode="all",allocator="jemalloc",stat="active"}=4416110592;ravel_process_allocator_bytes{mode="all",allocator="jemalloc",stat="resident"}=6004027392;ravel_cache_resident_bytes{mode="all",cache="fetch"}=2691650939;ravel_cache_resident_bytes{mode="all",cache="catalog"}=0;ravel_memory_budget_bytes{mode="all"}=4400000000;ravel_memory_reserved_bytes{mode="all",component="sql"}=481329898;ravel_memory_reserved_bytes{mode="all",component="fetch"}=173477574;ravel_memory_handoff_overlap_bytes{mode="all"}=173477574
1791352187.087	1	6333850312	6373531648	8115539968	2471917217	59193146	2691650939	0	59193146	4400000000	5222761302	2892778666	7562719232	7488315392	ravel_process_allocator_bytes{mode="all",allocator="jemalloc",stat="allocated"}=6333850312;ravel_process_allocator_bytes{mode="all",allocator="jemalloc",stat="active"}=6373531648;ravel_process_allocator_bytes{mode="all",allocator="jemalloc",stat="resident"}=8115539968;ravel_cache_resident_bytes{mode="all",cache="fetch"}=2691650939;ravel_cache_resident_bytes{mode="all",cache="catalog"}=0;ravel_memory_budget_bytes{mode="all"}=4400000000;ravel_memory_reserved_bytes{mode="all",component="sql"}=2471917217;ravel_memory_reserved_bytes{mode="all",component="fetch"}=59193146;ravel_memory_handoff_overlap_bytes{mode="all"}=59193146
1791352192.087	1	4541074592	4571365376	6921555968	258628587	64799875	2691650939	0	64799875	4400000000	3015079401	3906476567	6850932736	6776528896	ravel_process_allocator_bytes{mode="all",allocator="jemalloc",stat="allocated"}=4541074592;ravel_process_allocator_bytes{mode="all",allocator="jemalloc",stat="active"}=4571365376;ravel_process_allocator_bytes{mode="all",allocator="jemalloc",stat="resident"}=6921555968;ravel_cache_resident_bytes{mode="all",cache="fetch"}=2691650939;ravel_cache_resident_bytes{mode="all",cache="catalog"}=0;ravel_memory_budget_bytes{mode="all"}=4400000000;ravel_memory_reserved_bytes{mode="all",component="sql"}=258628587;ravel_memory_reserved_bytes{mode="all",component="fetch"}=64799875;ravel_memory_handoff_overlap_bytes{mode="all"}=64799875
1791352197.087	1	3997519440	4025192448	5952450560	500570553	133116359	2691650939	0	133116359	4400000000	3325337851	2627112709	5960159232	5885755392	ravel_process_allocator_bytes{mode="all",allocator="jemalloc",stat="allocated"}=3997519440;ravel_process_allocator_bytes{mode="all",allocator="jemalloc",stat="active"}=4025192448;ravel_process_allocator_bytes{mode="all",allocator="jemalloc",stat="resident"}=5952450560;ravel_cache_resident_bytes{mode="all",cache="fetch"}=2691650939;ravel_cache_resident_bytes{mode="all",cache="catalog"}=0;ravel_memory_budget_bytes{mode="all"}=4400000000;ravel_memory_reserved_bytes{mode="all",component="sql"}=500570553;ravel_memory_reserved_bytes{mode="all",component="fetch"}=133116359;ravel_memory_handoff_overlap_bytes{mode="all"}=133116359
1791352202.087	1	4149471584	4179202048	6332526592	246392378	17507037	2691650939	0	17507037	4400000000	2955550354	3376976238	6230855680	6156451840	ravel_process_allocator_bytes{mode="all",allocator="jemalloc",stat="allocated"}=4149471584;ravel_process_allocator_bytes{mode="all",allocator="jemalloc",stat="active"}=4179202048;ravel_process_allocator_bytes{mode="all",allocator="jemalloc",stat="resident"}=6332526592;ravel_cache_resident_bytes{mode="all",cache="fetch"}=2691650939;ravel_cache_resident_bytes{mode="all",cache="catalog"}=0;ravel_memory_budget_bytes{mode="all"}=4400000000;ravel_memory_reserved_bytes{mode="all",component="sql"}=246392378;ravel_memory_reserved_bytes{mode="all",component="fetch"}=17507037;ravel_memory_handoff_overlap_bytes{mode="all"}=17507037
1791352207.089	1	8898754712	8956145664	9655689216	1743721045	1246127171	2691650939	0	1246127171	4400000000	5681499155	3974190061	8349024256	8274620416	ravel_process_allocator_bytes{mode="all",allocator="jemalloc",stat="allocated"}=8898754712;ravel_process_allocator_bytes{mode="all",allocator="jemalloc",stat="active"}=8956145664;ravel_process_allocator_bytes{mode="all",allocator="jemalloc",stat="resident"}=9655689216;ravel_cache_resident_bytes{mode="all",cache="fetch"}=2691650939;ravel_cache_resident_bytes{mode="all",cache="catalog"}=0;ravel_memory_budget_bytes{mode="all"}=4400000000;ravel_memory_reserved_bytes{mode="all",component="sql"}=1743721045;ravel_memory_reserved_bytes{mode="all",component="fetch"}=1246127171;ravel_memory_handoff_overlap_bytes{mode="all"}=1246127171
1791352212.087	1	6290609072	6326779904	8891154432	2714361021	204640752	2691650939	0	204640752	4400000000	5610652712	3280501720	8528949248	8454545408	ravel_process_allocator_bytes{mode="all",allocator="jemalloc",stat="allocated"}=6290609072;ravel_process_allocator_bytes{mode="all",allocator="jemalloc",stat="active"}=6326779904;ravel_process_allocator_bytes{mode="all",allocator="jemalloc",stat="resident"}=8891154432;ravel_cache_resident_bytes{mode="all",cache="fetch"}=2691650939;ravel_cache_resident_bytes{mode="all",cache="catalog"}=0;ravel_memory_budget_bytes{mode="all"}=4400000000;ravel_memory_reserved_bytes{mode="all",component="sql"}=2714361021;ravel_memory_reserved_bytes{mode="all",component="fetch"}=204640752;ravel_memory_handoff_overlap_bytes{mode="all"}=204640752
1791352217.087	1	5151345200	5189349376	6511329280	1098625439	211991152	2691650939	0	211991152	4400000000	4002267530	2509061750	6379859968	6305456128	ravel_process_allocator_bytes{mode="all",allocator="jemalloc",stat="allocated"}=5151345200;ravel_process_allocator_bytes{mode="all",allocator="jemalloc",stat="active"}=5189349376;ravel_process_allocator_bytes{mode="all",allocator="jemalloc",stat="resident"}=6511329280;ravel_cache_resident_bytes{mode="all",cache="fetch"}=2691650939;ravel_cache_resident_bytes{mode="all",cache="catalog"}=0;ravel_memory_budget_bytes{mode="all"}=4400000000;ravel_memory_reserved_bytes{mode="all",component="sql"}=1098625439;ravel_memory_reserved_bytes{mode="all",component="fetch"}=211991152;ravel_memory_handoff_overlap_bytes{mode="all"}=211991152
1791352222.087	1	3879829312	3907743744	5658624000	223537232	163259497	2691650939	0	163259497	4400000000	3078447668	2580176332	5624197120	5549793280	ravel_process_allocator_bytes{mode="all",allocator="jemalloc",stat="allocated"}=3879829312;ravel_process_allocator_bytes{mode="all",allocator="jemalloc",stat="active"}=3907743744;ravel_process_allocator_bytes{mode="all",allocator="jemalloc",stat="resident"}=5658624000;ravel_cache_resident_bytes{mode="all",cache="fetch"}=2691650939;ravel_cache_resident_bytes{mode="all",cache="catalog"}=0;ravel_memory_budget_bytes{mode="all"}=4400000000;ravel_memory_reserved_bytes{mode="all",component="sql"}=223537232;ravel_memory_reserved_bytes{mode="all",component="fetch"}=163259497;ravel_memory_handoff_overlap_bytes{mode="all"}=163259497
1791352227.087	1	5715306992	5758873600	7767470080	1275378404	306806929	2691650939	0	306806929	4400000000	4273836272	3493633808	7255445504	7181041664	ravel_process_allocator_bytes{mode="all",allocator="jemalloc",stat="allocated"}=5715306992;ravel_process_allocator_bytes{mode="all",allocator="jemalloc",stat="active"}=5758873600;ravel_process_allocator_bytes{mode="all",allocator="jemalloc",stat="resident"}=7767470080;ravel_cache_resident_bytes{mode="all",cache="fetch"}=2691650939;ravel_cache_resident_bytes{mode="all",cache="catalog"}=0;ravel_memory_budget_bytes{mode="all"}=4400000000;ravel_memory_reserved_bytes{mode="all",component="sql"}=1275378404;ravel_memory_reserved_bytes{mode="all",component="fetch"}=306806929;ravel_memory_handoff_overlap_bytes{mode="all"}=306806929
1791352232.087	1	4966175160	5000511488	6313029632	803490833	247444432	2691650939	0	247444432	4400000000	3742586204	2570443428	6289932288	6215528448	ravel_process_allocator_bytes{mode="all",allocator="jemalloc",stat="allocated"}=4966175160;ravel_process_allocator_bytes{mode="all",allocator="jemalloc",stat="active"}=5000511488;ravel_process_allocator_bytes{mode="all",allocator="jemalloc",stat="resident"}=6313029632;ravel_cache_resident_bytes{mode="all",cache="fetch"}=2691650939;ravel_cache_resident_bytes{mode="all",cache="catalog"}=0;ravel_memory_budget_bytes{mode="all"}=4400000000;ravel_memory_reserved_bytes{mode="all",component="sql"}=803490833;ravel_memory_reserved_bytes{mode="all",component="fetch"}=247444432;ravel_memory_handoff_overlap_bytes{mode="all"}=247444432
1791352237.087	1	4363861168	4407250944	5990191104	861655424	180669340	2691650939	0	180669340	4400000000	3733975703	2256215401	5749940224	5675466752	ravel_process_allocator_bytes{mode="all",allocator="jemalloc",stat="allocated"}=4363861168;ravel_process_allocator_bytes{mode="all",allocator="jemalloc",stat="active"}=4407250944;ravel_process_allocator_bytes{mode="all",allocator="jemalloc",stat="resident"}=5990191104;ravel_cache_resident_bytes{mode="all",cache="fetch"}=2691650939;ravel_cache_resident_bytes{mode="all",cache="catalog"}=0;ravel_memory_budget_bytes{mode="all"}=4400000000;ravel_memory_reserved_bytes{mode="all",component="sql"}=861655424;ravel_memory_reserved_bytes{mode="all",component="fetch"}=180669340;ravel_memory_handoff_overlap_bytes{mode="all"}=180669340
1791352242.087	1	3734728552	3770896384	5891239936	442783345	94099975	2691650939	0	94099975	4400000000	3228534259	2662705677	6487011328	6412537856	ravel_process_allocator_bytes{mode="all",allocator="jemalloc",stat="allocated"}=3734728552;ravel_process_allocator_bytes{mode="all",allocator="jemalloc",stat="active"}=3770896384;ravel_process_allocator_bytes{mode="all",allocator="jemalloc",stat="resident"}=5891239936;ravel_cache_resident_bytes{mode="all",cache="fetch"}=2691650939;ravel_cache_resident_bytes{mode="all",cache="catalog"}=0;ravel_memory_budget_bytes{mode="all"}=4400000000;ravel_memory_reserved_bytes{mode="all",component="sql"}=442783345;ravel_memory_reserved_bytes{mode="all",component="fetch"}=94099975;ravel_memory_handoff_overlap_bytes{mode="all"}=94099975
1791352247.087	1	6375347664	6411812864	8051609600	2300517383	230264884	2691650939	0	230264884	4400000000	5222433206	2829176394	7291473920	7217000448	ravel_process_allocator_bytes{mode="all",allocator="jemalloc",stat="allocated"}=6375347664;ravel_process_allocator_bytes{mode="all",allocator="jemalloc",stat="active"}=6411812864;ravel_process_allocator_bytes{mode="all",allocator="jemalloc",stat="resident"}=8051609600;ravel_cache_resident_bytes{mode="all",cache="fetch"}=2691650939;ravel_cache_resident_bytes{mode="all",cache="catalog"}=0;ravel_memory_budget_bytes{mode="all"}=4400000000;ravel_memory_reserved_bytes{mode="all",component="sql"}=2300517383;ravel_memory_reserved_bytes{mode="all",component="fetch"}=230264884;ravel_memory_handoff_overlap_bytes{mode="all"}=230264884
1791352252.087	1	4585171120	4621996032	6660214784	252256027	365918689	2691650939	0	365918689	4400000000	3309825655	3350389129	6565097472	6490624000	ravel_process_allocator_bytes{mode="all",allocator="jemalloc",stat="allocated"}=4585171120;ravel_process_allocator_bytes{mode="all",allocator="jemalloc",stat="active"}=4621996032;ravel_process_allocator_bytes{mode="all",allocator="jemalloc",stat="resident"}=6660214784;ravel_cache_resident_bytes{mode="all",cache="fetch"}=2691650939;ravel_cache_resident_bytes{mode="all",cache="catalog"}=0;ravel_memory_budget_bytes{mode="all"}=4400000000;ravel_memory_reserved_bytes{mode="all",component="sql"}=252256027;ravel_memory_reserved_bytes{mode="all",component="fetch"}=365918689;ravel_memory_handoff_overlap_bytes{mode="all"}=365918689
1791352257.087	1	4906862288	4945367040	6622961664	983989272	153265975	2691650939	0	153265975	4400000000	3828906186	2794055478	6367088640	6292611072	ravel_process_allocator_bytes{mode="all",allocator="jemalloc",stat="allocated"}=4906862288;ravel_process_allocator_bytes{mode="all",allocator="jemalloc",stat="active"}=4945367040;ravel_process_allocator_bytes{mode="all",allocator="jemalloc",stat="resident"}=6622961664;ravel_cache_resident_bytes{mode="all",cache="fetch"}=2691650939;ravel_cache_resident_bytes{mode="all",cache="catalog"}=0;ravel_memory_budget_bytes{mode="all"}=4400000000;ravel_memory_reserved_bytes{mode="all",component="sql"}=983989272;ravel_memory_reserved_bytes{mode="all",component="fetch"}=153265975;ravel_memory_handoff_overlap_bytes{mode="all"}=153265975
1791352262.087	1	7578828720	7619780608	9034039296	3385583448	256044687	2691650939	0	256044687	4400000000	6333279074	2700760222	8101711872	8027234304	ravel_process_allocator_bytes{mode="all",allocator="jemalloc",stat="allocated"}=7578828720;ravel_process_allocator_bytes{mode="all",allocator="jemalloc",stat="active"}=7619780608;ravel_process_allocator_bytes{mode="all",allocator="jemalloc",stat="resident"}=9034039296;ravel_cache_resident_bytes{mode="all",cache="fetch"}=2691650939;ravel_cache_resident_bytes{mode="all",cache="catalog"}=0;ravel_memory_budget_bytes{mode="all"}=4400000000;ravel_memory_reserved_bytes{mode="all",component="sql"}=3385583448;ravel_memory_reserved_bytes{mode="all",component="fetch"}=256044687;ravel_memory_handoff_overlap_bytes{mode="all"}=256044687
1791352267.087	1	5185138656	5223227392	6504693760	1603210518	183870821	2691650939	0	183870821	4400000000	4478732278	2025961482	6221918208	6147440640	ravel_process_allocator_bytes{mode="all",allocator="jemalloc",stat="allocated"}=5185138656;ravel_process_allocator_bytes{mode="all",allocator="jemalloc",stat="active"}=5223227392;ravel_process_allocator_bytes{mode="all",allocator="jemalloc",stat="resident"}=6504693760;ravel_cache_resident_bytes{mode="all",cache="fetch"}=2691650939;ravel_cache_resident_bytes{mode="all",cache="catalog"}=0;ravel_memory_budget_bytes{mode="all"}=4400000000;ravel_memory_reserved_bytes{mode="all",component="sql"}=1603210518;ravel_memory_reserved_bytes{mode="all",component="fetch"}=183870821;ravel_memory_handoff_overlap_bytes{mode="all"}=183870821
1791352272.090	1	4298336968	4328087552	6803693568	814960110	148864871	2691650939	0	148864871	4400000000	3655475920	3148217648	6787600384	6713122816	ravel_process_allocator_bytes{mode="all",allocator="jemalloc",stat="allocated"}=4298336968;ravel_process_allocator_bytes{mode="all",allocator="jemalloc",stat="active"}=4328087552;ravel_process_allocator_bytes{mode="all",allocator="jemalloc",stat="resident"}=6803693568;ravel_cache_resident_bytes{mode="all",cache="fetch"}=2691650939;ravel_cache_resident_bytes{mode="all",cache="catalog"}=0;ravel_memory_budget_bytes{mode="all"}=4400000000;ravel_memory_reserved_bytes{mode="all",component="sql"}=814960110;ravel_memory_reserved_bytes{mode="all",component="fetch"}=148864871;ravel_memory_handoff_overlap_bytes{mode="all"}=148864871
1791352277.087	1	7157500288	7193968640	8971194368	3152181659	180673750	2691650939	0	180673750	4400000000	6024506348	2946688020	8260853760	8186073088	ravel_process_allocator_bytes{mode="all",allocator="jemalloc",stat="allocated"}=7157500288;ravel_process_allocator_bytes{mode="all",allocator="jemalloc",stat="active"}=7193968640;ravel_process_allocator_bytes{mode="all",allocator="jemalloc",stat="resident"}=8971194368;ravel_cache_resident_bytes{mode="all",cache="fetch"}=2691650939;ravel_cache_resident_bytes{mode="all",cache="catalog"}=0;ravel_memory_budget_bytes{mode="all"}=4400000000;ravel_memory_reserved_bytes{mode="all",component="sql"}=3152181659;ravel_memory_reserved_bytes{mode="all",component="fetch"}=180673750;ravel_memory_handoff_overlap_bytes{mode="all"}=180673750
1791352282.087	1	5293299104	5334032384	6879068160	1295469004	355248702	2691650939	0	355248702	4400000000	4342368645	2536699515	6813007872	6738227200	ravel_process_allocator_bytes{mode="all",allocator="jemalloc",stat="allocated"}=5293299104;ravel_process_allocator_bytes{mode="all",allocator="jemalloc",stat="active"}=5334032384;ravel_process_allocator_bytes{mode="all",allocator="jemalloc",stat="resident"}=6879068160;ravel_cache_resident_bytes{mode="all",cache="fetch"}=2691650939;ravel_cache_resident_bytes{mode="all",cache="catalog"}=0;ravel_memory_budget_bytes{mode="all"}=4400000000;ravel_memory_reserved_bytes{mode="all",component="sql"}=1295469004;ravel_memory_reserved_bytes{mode="all",component="fetch"}=355248702;ravel_memory_handoff_overlap_bytes{mode="all"}=355248702
1791352287.089	1	6555767840	6595653632	8402751488	2403566768	208869750	2691650939	0	208869750	4400000000	5304087457	3098664031	7789969408	7715188736	ravel_process_allocator_bytes{mode="all",allocator="jemalloc",stat="allocated"}=6555767840;ravel_process_allocator_bytes{mode="all",allocator="jemalloc",stat="active"}=6595653632;ravel_process_allocator_bytes{mode="all",allocator="jemalloc",stat="resident"}=8402751488;ravel_cache_resident_bytes{mode="all",cache="fetch"}=2691650939;ravel_cache_resident_bytes{mode="all",cache="catalog"}=0;ravel_memory_budget_bytes{mode="all"}=4400000000;ravel_memory_reserved_bytes{mode="all",component="sql"}=2403566768;ravel_memory_reserved_bytes{mode="all",component="fetch"}=208869750;ravel_memory_handoff_overlap_bytes{mode="all"}=208869750
1791352292.087	1	3928925904	3963080704	5596741632	74790590	276560153	2691650939	0	276560153	4400000000	3043001682	2553739950	5532000256	5457219584	ravel_process_allocator_bytes{mode="all",allocator="jemalloc",stat="allocated"}=3928925904;ravel_process_allocator_bytes{mode="all",allocator="jemalloc",stat="active"}=3963080704;ravel_process_allocator_bytes{mode="all",allocator="jemalloc",stat="resident"}=5596741632;ravel_cache_resident_bytes{mode="all",cache="fetch"}=2691650939;ravel_cache_resident_bytes{mode="all",cache="catalog"}=0;ravel_memory_budget_bytes{mode="all"}=4400000000;ravel_memory_reserved_bytes{mode="all",component="sql"}=74790590;ravel_memory_reserved_bytes{mode="all",component="fetch"}=276560153;ravel_memory_handoff_overlap_bytes{mode="all"}=276560153
1791352297.087	1	5002682096	5039390720	6275248128	1330910037	39923597	2691650939	0	39923597	4400000000	4062484573	2212763555	6810488832	6735708160	ravel_process_allocator_bytes{mode="all",allocator="jemalloc",stat="allocated"}=5002682096;ravel_process_allocator_bytes{mode="all",allocator="jemalloc",stat="active"}=5039390720;ravel_process_allocator_bytes{mode="all",allocator="jemalloc",stat="resident"}=6275248128;ravel_cache_resident_bytes{mode="all",cache="fetch"}=2691650939;ravel_cache_resident_bytes{mode="all",cache="catalog"}=0;ravel_memory_budget_bytes{mode="all"}=4400000000;ravel_memory_reserved_bytes{mode="all",component="sql"}=1330910037;ravel_memory_reserved_bytes{mode="all",component="fetch"}=39923597;ravel_memory_handoff_overlap_bytes{mode="all"}=39923597
1791352302.087	1	4229287584	4261376000	5978927104	907428036	20119169	2691650939	0	20119169	4400000000	3619198144	2359728960	5913280512	5838499840	ravel_process_allocator_bytes{mode="all",allocator="jemalloc",stat="allocated"}=4229287584;ravel_process_allocator_bytes{mode="all",allocator="jemalloc",stat="active"}=4261376000;ravel_process_allocator_bytes{mode="all",allocator="jemalloc",stat="resident"}=5978927104;ravel_cache_resident_bytes{mode="all",cache="fetch"}=2691650939;ravel_cache_resident_bytes{mode="all",cache="catalog"}=0;ravel_memory_budget_bytes{mode="all"}=4400000000;ravel_memory_reserved_bytes{mode="all",component="sql"}=907428036;ravel_memory_reserved_bytes{mode="all",component="fetch"}=20119169;ravel_memory_handoff_overlap_bytes{mode="all"}=20119169
1791352307.090	1	6859777840	6898106368	8266006528	2551341454	258170955	2691650939	0	258170955	4400000000	5501163348	2764843180	6970564608	6895783936	ravel_process_allocator_bytes{mode="all",allocator="jemalloc",stat="allocated"}=6859777840;ravel_process_allocator_bytes{mode="all",allocator="jemalloc",stat="active"}=6898106368;ravel_process_allocator_bytes{mode="all",allocator="jemalloc",stat="resident"}=8266006528;ravel_cache_resident_bytes{mode="all",cache="fetch"}=2691650939;ravel_cache_resident_bytes{mode="all",cache="catalog"}=0;ravel_memory_budget_bytes{mode="all"}=4400000000;ravel_memory_reserved_bytes{mode="all",component="sql"}=2551341454;ravel_memory_reserved_bytes{mode="all",component="fetch"}=258170955;ravel_memory_handoff_overlap_bytes{mode="all"}=258170955
1791352312.087	1	3977968464	4011098112	5977825280	509267717	151063839	2691650939	0	151063839	4400000000	3351982495	2625842785	5970767872	5895987200	ravel_process_allocator_bytes{mode="all",allocator="jemalloc",stat="allocated"}=3977968464;ravel_process_allocator_bytes{mode="all",allocator="jemalloc",stat="active"}=4011098112;ravel_process_allocator_bytes{mode="all",allocator="jemalloc",stat="resident"}=5977825280;ravel_cache_resident_bytes{mode="all",cache="fetch"}=2691650939;ravel_cache_resident_bytes{mode="all",cache="catalog"}=0;ravel_memory_budget_bytes{mode="all"}=4400000000;ravel_memory_reserved_bytes{mode="all",component="sql"}=509267717;ravel_memory_reserved_bytes{mode="all",component="fetch"}=151063839;ravel_memory_handoff_overlap_bytes{mode="all"}=151063839
1791352317.087	1	5564038384	5601796096	6765961216	1900383728	179956875	2691650939	0	179956875	4400000000	4771991542	1993969674	6030913536	5956132864	ravel_process_allocator_bytes{mode="all",allocator="jemalloc",stat="allocated"}=5564038384;ravel_process_allocator_bytes{mode="all",allocator="jemalloc",stat="active"}=5601796096;ravel_process_allocator_bytes{mode="all",allocator="jemalloc",stat="resident"}=6765961216;ravel_cache_resident_bytes{mode="all",cache="fetch"}=2691650939;ravel_cache_resident_bytes{mode="all",cache="catalog"}=0;ravel_memory_budget_bytes{mode="all"}=4400000000;ravel_memory_reserved_bytes{mode="all",component="sql"}=1900383728;ravel_memory_reserved_bytes{mode="all",component="fetch"}=179956875;ravel_memory_handoff_overlap_bytes{mode="all"}=179956875
1791352322.087	1	5023263968	5060849664	6091161600	752157791	265008377	2691650939	0	265008377	4400000000	3708817107	2382344493	5903867904	5829087232	ravel_process_allocator_bytes{mode="all",allocator="jemalloc",stat="allocated"}=5023263968;ravel_process_allocator_bytes{mode="all",allocator="jemalloc",stat="active"}=5060849664;ravel_process_allocator_bytes{mode="all",allocator="jemalloc",stat="resident"}=6091161600;ravel_cache_resident_bytes{mode="all",cache="fetch"}=2691650939;ravel_cache_resident_bytes{mode="all",cache="catalog"}=0;ravel_memory_budget_bytes{mode="all"}=4400000000;ravel_memory_reserved_bytes{mode="all",component="sql"}=752157791;ravel_memory_reserved_bytes{mode="all",component="fetch"}=265008377;ravel_memory_handoff_overlap_bytes{mode="all"}=265008377
1791352327.087	1	6551577592	6599983104	8094941184	3011063440	166537466	2691650939	0	166537466	4400000000	5869251845	2225689339	7360626688	7285846016	ravel_process_allocator_bytes{mode="all",allocator="jemalloc",stat="allocated"}=6551577592;ravel_process_allocator_bytes{mode="all",allocator="jemalloc",stat="active"}=6599983104;ravel_process_allocator_bytes{mode="all",allocator="jemalloc",stat="resident"}=8094941184;ravel_cache_resident_bytes{mode="all",cache="fetch"}=2691650939;ravel_cache_resident_bytes{mode="all",cache="catalog"}=0;ravel_memory_budget_bytes{mode="all"}=4400000000;ravel_memory_reserved_bytes{mode="all",component="sql"}=3011063440;ravel_memory_reserved_bytes{mode="all",component="fetch"}=166537466;ravel_memory_handoff_overlap_bytes{mode="all"}=166537466
1791352332.087	1	7065336592	7106469888	9299144704	3257577034	47573731	2691650939	0	47573731	4400000000	5996801704	3302343000	9014521856	8939741184	ravel_process_allocator_bytes{mode="all",allocator="jemalloc",stat="allocated"}=7065336592;ravel_process_allocator_bytes{mode="all",allocator="jemalloc",stat="active"}=7106469888;ravel_process_allocator_bytes{mode="all",allocator="jemalloc",stat="resident"}=9299144704;ravel_cache_resident_bytes{mode="all",cache="fetch"}=2691650939;ravel_cache_resident_bytes{mode="all",cache="catalog"}=0;ravel_memory_budget_bytes{mode="all"}=4400000000;ravel_memory_reserved_bytes{mode="all",component="sql"}=3257577034;ravel_memory_reserved_bytes{mode="all",component="fetch"}=47573731;ravel_memory_handoff_overlap_bytes{mode="all"}=47573731
1791352337.087	1	7317569864	7355559936	8792809472	2302439073	268780764	2691650939	0	268780764	4400000000	5262870776	3529938696	8379105280	8304324608	ravel_process_allocator_bytes{mode="all",allocator="jemalloc",stat="allocated"}=7317569864;ravel_process_allocator_bytes{mode="all",allocator="jemalloc",stat="active"}=7355559936;ravel_process_allocator_bytes{mode="all",allocator="jemalloc",stat="resident"}=8792809472;ravel_cache_resident_bytes{mode="all",cache="fetch"}=2691650939;ravel_cache_resident_bytes{mode="all",cache="catalog"}=0;ravel_memory_budget_bytes{mode="all"}=4400000000;ravel_memory_reserved_bytes{mode="all",component="sql"}=2302439073;ravel_memory_reserved_bytes{mode="all",component="fetch"}=268780764;ravel_memory_handoff_overlap_bytes{mode="all"}=268780764
1791352342.087	1	4736924640	4771373056	6326177792	1231836982	97770704	2691650939	0	97770704	4400000000	4021258625	2304919167	6174453760	6099673088	ravel_process_allocator_bytes{mode="all",allocator="jemalloc",stat="allocated"}=4736924640;ravel_process_allocator_bytes{mode="all",allocator="jemalloc",stat="active"}=4771373056;ravel_process_allocator_bytes{mode="all",allocator="jemalloc",stat="resident"}=6326177792;ravel_cache_resident_bytes{mode="all",cache="fetch"}=2691650939;ravel_cache_resident_bytes{mode="all",cache="catalog"}=0;ravel_memory_budget_bytes{mode="all"}=4400000000;ravel_memory_reserved_bytes{mode="all",component="sql"}=1231836982;ravel_memory_reserved_bytes{mode="all",component="fetch"}=97770704;ravel_memory_handoff_overlap_bytes{mode="all"}=97770704
1791352347.087	1	5558904512	5609439232	6824439808	558036401	495724595	2691650939	0	495724595	4400000000	3745411935	3079027873	6602543104	6527762432	ravel_process_allocator_bytes{mode="all",allocator="jemalloc",stat="allocated"}=5558904512;ravel_process_allocator_bytes{mode="all",allocator="jemalloc",stat="active"}=5609439232;ravel_process_allocator_bytes{mode="all",allocator="jemalloc",stat="resident"}=6824439808;ravel_cache_resident_bytes{mode="all",cache="fetch"}=2691650939;ravel_cache_resident_bytes{mode="all",cache="catalog"}=0;ravel_memory_budget_bytes{mode="all"}=4400000000;ravel_memory_reserved_bytes{mode="all",component="sql"}=558036401;ravel_memory_reserved_bytes{mode="all",component="fetch"}=495724595;ravel_memory_handoff_overlap_bytes{mode="all"}=495724595
1791352352.087	1	7027171544	7068491776	8288604160	2334028497	213027396	2691650939	0	213027396	4400000000	5238706832	3049897328	7337009152	7262228480	ravel_process_allocator_bytes{mode="all",allocator="jemalloc",stat="allocated"}=7027171544;ravel_process_allocator_bytes{mode="all",allocator="jemalloc",stat="active"}=7068491776;ravel_process_allocator_bytes{mode="all",allocator="jemalloc",stat="resident"}=8288604160;ravel_cache_resident_bytes{mode="all",cache="fetch"}=2691650939;ravel_cache_resident_bytes{mode="all",cache="catalog"}=0;ravel_memory_budget_bytes{mode="all"}=4400000000;ravel_memory_reserved_bytes{mode="all",component="sql"}=2334028497;ravel_memory_reserved_bytes{mode="all",component="fetch"}=213027396;ravel_memory_handoff_overlap_bytes{mode="all"}=213027396
1791352357.087	1	8048528128	8112652288	9271066624	3567535768	459009883	2691650939	0	459009883	4400000000	6718196590	2552870034	7848603648	7773822976	ravel_process_allocator_bytes{mode="all",allocator="jemalloc",stat="allocated"}=8048528128;ravel_process_allocator_bytes{mode="all",allocator="jemalloc",stat="active"}=8112652288;ravel_process_allocator_bytes{mode="all",allocator="jemalloc",stat="resident"}=9271066624;ravel_cache_resident_bytes{mode="all",cache="fetch"}=2691650939;ravel_cache_resident_bytes{mode="all",cache="catalog"}=0;ravel_memory_budget_bytes{mode="all"}=4400000000;ravel_memory_reserved_bytes{mode="all",component="sql"}=3567535768;ravel_memory_reserved_bytes{mode="all",component="fetch"}=459009883;ravel_memory_handoff_overlap_bytes{mode="all"}=459009883
1791352362.087	1	8113085832	8159162368	9220481024	3458318348	460304980	2691650939	0	460304980	4400000000	6610274267	2610206757	8044003328	7969222656	ravel_process_allocator_bytes{mode="all",allocator="jemalloc",stat="allocated"}=8113085832;ravel_process_allocator_bytes{mode="all",allocator="jemalloc",stat="active"}=8159162368;ravel_process_allocator_bytes{mode="all",allocator="jemalloc",stat="resident"}=9220481024;ravel_cache_resident_bytes{mode="all",cache="fetch"}=2691650939;ravel_cache_resident_bytes{mode="all",cache="catalog"}=0;ravel_memory_budget_bytes{mode="all"}=4400000000;ravel_memory_reserved_bytes{mode="all",component="sql"}=3458318348;ravel_memory_reserved_bytes{mode="all",component="fetch"}=460304980;ravel_memory_handoff_overlap_bytes{mode="all"}=460304980
1791352367.087	1	4592753240	4625203200	6502232064	825314879	36168969	2691650939	0	36168969	4400000000	3553134787	2949097277	6624563200	6549782528	ravel_process_allocator_bytes{mode="all",allocator="jemalloc",stat="allocated"}=4592753240;ravel_process_allocator_bytes{mode="all",allocator="jemalloc",stat="active"}=4625203200;ravel_process_allocator_bytes{mode="all",allocator="jemalloc",stat="resident"}=6502232064;ravel_cache_resident_bytes{mode="all",cache="fetch"}=2691650939;ravel_cache_resident_bytes{mode="all",cache="catalog"}=0;ravel_memory_budget_bytes{mode="all"}=4400000000;ravel_memory_reserved_bytes{mode="all",component="sql"}=825314879;ravel_memory_reserved_bytes{mode="all",component="fetch"}=36168969;ravel_memory_handoff_overlap_bytes{mode="all"}=36168969
1791352372.087	1	5445640312	5481959424	7526371328	1856024474	76518514	2691650939	0	76518514	4400000000	4624193927	2902177401	7252283392	7177502720	ravel_process_allocator_bytes{mode="all",allocator="jemalloc",stat="allocated"}=5445640312;ravel_process_allocator_bytes{mode="all",allocator="jemalloc",stat="active"}=5481959424;ravel_process_allocator_bytes{mode="all",allocator="jemalloc",stat="resident"}=7526371328;ravel_cache_resident_bytes{mode="all",cache="fetch"}=2691650939;ravel_cache_resident_bytes{mode="all",cache="catalog"}=0;ravel_memory_budget_bytes{mode="all"}=4400000000;ravel_memory_reserved_bytes{mode="all",component="sql"}=1856024474;ravel_memory_reserved_bytes{mode="all",component="fetch"}=76518514;ravel_memory_handoff_overlap_bytes{mode="all"}=76518514
1791352377.087	1	5242057304	5283147776	6806552576	827509731	691428935	2691650939	0	691428935	4400000000	4210589605	2595962971	6208770048	6133989376	ravel_process_allocator_bytes{mode="all",allocator="jemalloc",stat="allocated"}=5242057304;ravel_process_allocator_bytes{mode="all",allocator="jemalloc",stat="active"}=5283147776;ravel_process_allocator_bytes{mode="all",allocator="jemalloc",stat="resident"}=6806552576;ravel_cache_resident_bytes{mode="all",cache="fetch"}=2691650939;ravel_cache_resident_bytes{mode="all",cache="catalog"}=0;ravel_memory_budget_bytes{mode="all"}=4400000000;ravel_memory_reserved_bytes{mode="all",component="sql"}=827509731;ravel_memory_reserved_bytes{mode="all",component="fetch"}=691428935;ravel_memory_handoff_overlap_bytes{mode="all"}=691428935
1791352382.087	1	6980967456	7031726080	8497713152	2487574966	501246673	2691650939	0	501246673	4400000000	5680472578	2817240574	7355645952	7280865280	ravel_process_allocator_bytes{mode="all",allocator="jemalloc",stat="allocated"}=6980967456;ravel_process_allocator_bytes{mode="all",allocator="jemalloc",stat="active"}=7031726080;ravel_process_allocator_bytes{mode="all",allocator="jemalloc",stat="resident"}=8497713152;ravel_cache_resident_bytes{mode="all",cache="fetch"}=2691650939;ravel_cache_resident_bytes{mode="all",cache="catalog"}=0;ravel_memory_budget_bytes{mode="all"}=4400000000;ravel_memory_reserved_bytes{mode="all",component="sql"}=2487574966;ravel_memory_reserved_bytes{mode="all",component="fetch"}=501246673;ravel_memory_handoff_overlap_bytes{mode="all"}=501246673
1791352387.087	1	7076358768	7120384000	8176652288	2858588186	245277995	2691650939	0	245277995	4400000000	5795517120	2381135168	7642775552	7567994880	ravel_process_allocator_bytes{mode="all",allocator="jemalloc",stat="allocated"}=7076358768;ravel_process_allocator_bytes{mode="all",allocator="jemalloc",stat="active"}=7120384000;ravel_process_allocator_bytes{mode="all",allocator="jemalloc",stat="resident"}=8176652288;ravel_cache_resident_bytes{mode="all",cache="fetch"}=2691650939;ravel_cache_resident_bytes{mode="all",cache="catalog"}=0;ravel_memory_budget_bytes{mode="all"}=4400000000;ravel_memory_reserved_bytes{mode="all",component="sql"}=2858588186;ravel_memory_reserved_bytes{mode="all",component="fetch"}=245277995;ravel_memory_handoff_overlap_bytes{mode="all"}=245277995
1791352392.087	1	5277698952	5312229376	7065055232	1127428146	86989476	2691650939	0	86989476	4400000000	3906068561	3158986671	6772105216	6697324544	ravel_process_allocator_bytes{mode="all",allocator="jemalloc",stat="allocated"}=5277698952;ravel_process_allocator_bytes{mode="all",allocator="jemalloc",stat="active"}=5312229376;ravel_process_allocator_bytes{mode="all",allocator="jemalloc",stat="resident"}=7065055232;ravel_cache_resident_bytes{mode="all",cache="fetch"}=2691650939;ravel_cache_resident_bytes{mode="all",cache="catalog"}=0;ravel_memory_budget_bytes{mode="all"}=4400000000;ravel_memory_reserved_bytes{mode="all",component="sql"}=1127428146;ravel_memory_reserved_bytes{mode="all",component="fetch"}=86989476;ravel_memory_handoff_overlap_bytes{mode="all"}=86989476
1791352397.087	1	4895970656	4930416640	6981115904	1104793416	83634417	2691650939	0	83634417	4400000000	3880078772	3101037132	6638280704	6563500032	ravel_process_allocator_bytes{mode="all",allocator="jemalloc",stat="allocated"}=4895970656;ravel_process_allocator_bytes{mode="all",allocator="jemalloc",stat="active"}=4930416640;ravel_process_allocator_bytes{mode="all",allocator="jemalloc",stat="resident"}=6981115904;ravel_cache_resident_bytes{mode="all",cache="fetch"}=2691650939;ravel_cache_resident_bytes{mode="all",cache="catalog"}=0;ravel_memory_budget_bytes{mode="all"}=4400000000;ravel_memory_reserved_bytes{mode="all",component="sql"}=1104793416;ravel_memory_reserved_bytes{mode="all",component="fetch"}=83634417;ravel_memory_handoff_overlap_bytes{mode="all"}=83634417
1791352402.087	1	4841143408	4874895360	6975082496	1224158340	72767970	2691650939	0	72767970	4400000000	3988577249	2986505247	6768488448	6693707776	ravel_process_allocator_bytes{mode="all",allocator="jemalloc",stat="allocated"}=4841143408;ravel_process_allocator_bytes{mode="all",allocator="jemalloc",stat="active"}=4874895360;ravel_process_allocator_bytes{mode="all",allocator="jemalloc",stat="resident"}=6975082496;ravel_cache_resident_bytes{mode="all",cache="fetch"}=2691650939;ravel_cache_resident_bytes{mode="all",cache="catalog"}=0;ravel_memory_budget_bytes{mode="all"}=4400000000;ravel_memory_reserved_bytes{mode="all",component="sql"}=1224158340;ravel_memory_reserved_bytes{mode="all",component="fetch"}=72767970;ravel_memory_handoff_overlap_bytes{mode="all"}=72767970
1791352407.087	1	5323019168	5366157312	7862902784	936122749	16512543	2691650939	0	16512543	4400000000	3644286231	4218616553	7493611520	7418830848	ravel_process_allocator_bytes{mode="all",allocator="jemalloc",stat="allocated"}=5323019168;ravel_process_allocator_bytes{mode="all",allocator="jemalloc",stat="active"}=5366157312;ravel_process_allocator_bytes{mode="all",allocator="jemalloc",stat="resident"}=7862902784;ravel_cache_resident_bytes{mode="all",cache="fetch"}=2691650939;ravel_cache_resident_bytes{mode="all",cache="catalog"}=0;ravel_memory_budget_bytes{mode="all"}=4400000000;ravel_memory_reserved_bytes{mode="all",component="sql"}=936122749;ravel_memory_reserved_bytes{mode="all",component="fetch"}=16512543;ravel_memory_handoff_overlap_bytes{mode="all"}=16512543
1791352412.087	1	3093844616	3120345088	5692149760	0	0	2691650939	0	0	4400000000	2691650939	3000498821	5680644096	5605863424	ravel_process_allocator_bytes{mode="all",allocator="jemalloc",stat="allocated"}=3093844616;ravel_process_allocator_bytes{mode="all",allocator="jemalloc",stat="active"}=3120345088;ravel_process_allocator_bytes{mode="all",allocator="jemalloc",stat="resident"}=5692149760;ravel_cache_resident_bytes{mode="all",cache="fetch"}=2691650939;ravel_cache_resident_bytes{mode="all",cache="catalog"}=0;ravel_memory_budget_bytes{mode="all"}=4400000000;ravel_memory_reserved_bytes{mode="all",component="sql"}=0;ravel_memory_reserved_bytes{mode="all",component="fetch"}=0;ravel_memory_handoff_overlap_bytes{mode="all"}=0
1791352417.087	1	3093770504	3120197632	5692149760	0	0	2691650939	0	0	4400000000	2691650939	3000498821	5680644096	5605863424	ravel_process_allocator_bytes{mode="all",allocator="jemalloc",stat="allocated"}=3093770504;ravel_process_allocator_bytes{mode="all",allocator="jemalloc",stat="active"}=3120197632;ravel_process_allocator_bytes{mode="all",allocator="jemalloc",stat="resident"}=5692149760;ravel_cache_resident_bytes{mode="all",cache="fetch"}=2691650939;ravel_cache_resident_bytes{mode="all",cache="catalog"}=0;ravel_memory_budget_bytes{mode="all"}=4400000000;ravel_memory_reserved_bytes{mode="all",component="sql"}=0;ravel_memory_reserved_bytes{mode="all",component="fetch"}=0;ravel_memory_handoff_overlap_bytes{mode="all"}=0
1791352422.087	1	3093741832	3120136192	5692149760	0	0	2691650939	0	0	4400000000	2691650939	3000498821	5680644096	5605863424	ravel_process_allocator_bytes{mode="all",allocator="jemalloc",stat="allocated"}=3093741832;ravel_process_allocator_bytes{mode="all",allocator="jemalloc",stat="active"}=3120136192;ravel_process_allocator_bytes{mode="all",allocator="jemalloc",stat="resident"}=5692149760;ravel_cache_resident_bytes{mode="all",cache="fetch"}=2691650939;ravel_cache_resident_bytes{mode="all",cache="catalog"}=0;ravel_memory_budget_bytes{mode="all"}=4400000000;ravel_memory_reserved_bytes{mode="all",component="sql"}=0;ravel_memory_reserved_bytes{mode="all",component="fetch"}=0;ravel_memory_handoff_overlap_bytes{mode="all"}=0
1791352427.087	1	3093359072	3119689728	5538783232	0	0	2691650939	0	0	4400000000	2691650939	2847132293	5529194496	5454413824	ravel_process_allocator_bytes{mode="all",allocator="jemalloc",stat="allocated"}=3093359072;ravel_process_allocator_bytes{mode="all",allocator="jemalloc",stat="active"}=3119689728;ravel_process_allocator_bytes{mode="all",allocator="jemalloc",stat="resident"}=5538783232;ravel_cache_resident_bytes{mode="all",cache="fetch"}=2691650939;ravel_cache_resident_bytes{mode="all",cache="catalog"}=0;ravel_memory_budget_bytes{mode="all"}=4400000000;ravel_memory_reserved_bytes{mode="all",component="sql"}=0;ravel_memory_reserved_bytes{mode="all",component="fetch"}=0;ravel_memory_handoff_overlap_bytes{mode="all"}=0
1791352432.087	1	3093246272	3119452160	5538783232	0	0	2691650939	0	0	4400000000	2691650939	2847132293	5529194496	5454413824	ravel_process_allocator_bytes{mode="all",allocator="jemalloc",stat="allocated"}=3093246272;ravel_process_allocator_bytes{mode="all",allocator="jemalloc",stat="active"}=3119452160;ravel_process_allocator_bytes{mode="all",allocator="jemalloc",stat="resident"}=5538783232;ravel_cache_resident_bytes{mode="all",cache="fetch"}=2691650939;ravel_cache_resident_bytes{mode="all",cache="catalog"}=0;ravel_memory_budget_bytes{mode="all"}=4400000000;ravel_memory_reserved_bytes{mode="all",component="sql"}=0;ravel_memory_reserved_bytes{mode="all",component="fetch"}=0;ravel_memory_handoff_overlap_bytes{mode="all"}=0
1791352437.087	1	3093127232	3119316992	5538783232	0	0	2691650939	0	0	4400000000	2691650939	2847132293	5529194496	5454413824	ravel_process_allocator_bytes{mode="all",allocator="jemalloc",stat="allocated"}=3093127232;ravel_process_allocator_bytes{mode="all",allocator="jemalloc",stat="active"}=3119316992;ravel_process_allocator_bytes{mode="all",allocator="jemalloc",stat="resident"}=5538783232;ravel_cache_resident_bytes{mode="all",cache="fetch"}=2691650939;ravel_cache_resident_bytes{mode="all",cache="catalog"}=0;ravel_memory_budget_bytes{mode="all"}=4400000000;ravel_memory_reserved_bytes{mode="all",component="sql"}=0;ravel_memory_reserved_bytes{mode="all",component="fetch"}=0;ravel_memory_handoff_overlap_bytes{mode="all"}=0
1791352442.087	1	3093126816	3119312896	5538783232	0	0	2691650939	0	0	4400000000	2691650939	2847132293	5529194496	5454413824	ravel_process_allocator_bytes{mode="all",allocator="jemalloc",stat="allocated"}=3093126816;ravel_process_allocator_bytes{mode="all",allocator="jemalloc",stat="active"}=3119312896;ravel_process_allocator_bytes{mode="all",allocator="jemalloc",stat="resident"}=5538783232;ravel_cache_resident_bytes{mode="all",cache="fetch"}=2691650939;ravel_cache_resident_bytes{mode="all",cache="catalog"}=0;ravel_memory_budget_bytes{mode="all"}=4400000000;ravel_memory_reserved_bytes{mode="all",component="sql"}=0;ravel_memory_reserved_bytes{mode="all",component="fetch"}=0;ravel_memory_handoff_overlap_bytes{mode="all"}=0
1791352447.087	1	3093099248	3119247360	5538783232	0	0	2691650939	0	0	4400000000	2691650939	2847132293	5529194496	5454413824	ravel_process_allocator_bytes{mode="all",allocator="jemalloc",stat="allocated"}=3093099248;ravel_process_allocator_bytes{mode="all",allocator="jemalloc",stat="active"}=3119247360;ravel_process_allocator_bytes{mode="all",allocator="jemalloc",stat="resident"}=5538783232;ravel_cache_resident_bytes{mode="all",cache="fetch"}=2691650939;ravel_cache_resident_bytes{mode="all",cache="catalog"}=0;ravel_memory_budget_bytes{mode="all"}=4400000000;ravel_memory_reserved_bytes{mode="all",component="sql"}=0;ravel_memory_reserved_bytes{mode="all",component="fetch"}=0;ravel_memory_handoff_overlap_bytes{mode="all"}=0
1791352452.087	1	3092801280	3118747648	5538783232	0	0	2691650939	0	0	4400000000	2691650939	2847132293	5529194496	5454413824	ravel_process_allocator_bytes{mode="all",allocator="jemalloc",stat="allocated"}=3092801280;ravel_process_allocator_bytes{mode="all",allocator="jemalloc",stat="active"}=3118747648;ravel_process_allocator_bytes{mode="all",allocator="jemalloc",stat="resident"}=5538783232;ravel_cache_resident_bytes{mode="all",cache="fetch"}=2691650939;ravel_cache_resident_bytes{mode="all",cache="catalog"}=0;ravel_memory_budget_bytes{mode="all"}=4400000000;ravel_memory_reserved_bytes{mode="all",component="sql"}=0;ravel_memory_reserved_bytes{mode="all",component="fetch"}=0;ravel_memory_handoff_overlap_bytes{mode="all"}=0
1791352457.087	1	3092741824	3118624768	5538783232	0	0	2691650939	0	0	4400000000	2691650939	2847132293	5529194496	5454413824	ravel_process_allocator_bytes{mode="all",allocator="jemalloc",stat="allocated"}=3092741824;ravel_process_allocator_bytes{mode="all",allocator="jemalloc",stat="active"}=3118624768;ravel_process_allocator_bytes{mode="all",allocator="jemalloc",stat="resident"}=5538783232;ravel_cache_resident_bytes{mode="all",cache="fetch"}=2691650939;ravel_cache_resident_bytes{mode="all",cache="catalog"}=0;ravel_memory_budget_bytes{mode="all"}=4400000000;ravel_memory_reserved_bytes{mode="all",component="sql"}=0;ravel_memory_reserved_bytes{mode="all",component="fetch"}=0;ravel_memory_handoff_overlap_bytes{mode="all"}=0
1791352462.087	1	3092662240	3118477312	5538783232	0	0	2691650939	0	0	4400000000	2691650939	2847132293	5529194496	5454413824	ravel_process_allocator_bytes{mode="all",allocator="jemalloc",stat="allocated"}=3092662240;ravel_process_allocator_bytes{mode="all",allocator="jemalloc",stat="active"}=3118477312;ravel_process_allocator_bytes{mode="all",allocator="jemalloc",stat="resident"}=5538783232;ravel_cache_resident_bytes{mode="all",cache="fetch"}=2691650939;ravel_cache_resident_bytes{mode="all",cache="catalog"}=0;ravel_memory_budget_bytes{mode="all"}=4400000000;ravel_memory_reserved_bytes{mode="all",component="sql"}=0;ravel_memory_reserved_bytes{mode="all",component="fetch"}=0;ravel_memory_handoff_overlap_bytes{mode="all"}=0
1791352467.087	1	3092556336	3118338048	5538783232	0	0	2691650939	0	0	4400000000	2691650939	2847132293	5529194496	5454413824	ravel_process_allocator_bytes{mode="all",allocator="jemalloc",stat="allocated"}=3092556336;ravel_process_allocator_bytes{mode="all",allocator="jemalloc",stat="active"}=3118338048;ravel_process_allocator_bytes{mode="all",allocator="jemalloc",stat="resident"}=5538783232;ravel_cache_resident_bytes{mode="all",cache="fetch"}=2691650939;ravel_cache_resident_bytes{mode="all",cache="catalog"}=0;ravel_memory_budget_bytes{mode="all"}=4400000000;ravel_memory_reserved_bytes{mode="all",component="sql"}=0;ravel_memory_reserved_bytes{mode="all",component="fetch"}=0;ravel_memory_handoff_overlap_bytes{mode="all"}=0
1791352472.087	1	3092574656	3118362624	5538783232	0	0	2691650939	0	0	4400000000	2691650939	2847132293	5529194496	5454413824	ravel_process_allocator_bytes{mode="all",allocator="jemalloc",stat="allocated"}=3092574656;ravel_process_allocator_bytes{mode="all",allocator="jemalloc",stat="active"}=3118362624;ravel_process_allocator_bytes{mode="all",allocator="jemalloc",stat="resident"}=5538783232;ravel_cache_resident_bytes{mode="all",cache="fetch"}=2691650939;ravel_cache_resident_bytes{mode="all",cache="catalog"}=0;ravel_memory_budget_bytes{mode="all"}=4400000000;ravel_memory_reserved_bytes{mode="all",component="sql"}=0;ravel_memory_reserved_bytes{mode="all",component="fetch"}=0;ravel_memory_handoff_overlap_bytes{mode="all"}=0
1791352477.087	1	3092481312	3118170112	5432778752	0	0	2691650939	0	0	4400000000	2691650939	2741127813	5424820224	5350039552	ravel_process_allocator_bytes{mode="all",allocator="jemalloc",stat="allocated"}=3092481312;ravel_process_allocator_bytes{mode="all",allocator="jemalloc",stat="active"}=3118170112;ravel_process_allocator_bytes{mode="all",allocator="jemalloc",stat="resident"}=5432778752;ravel_cache_resident_bytes{mode="all",cache="fetch"}=2691650939;ravel_cache_resident_bytes{mode="all",cache="catalog"}=0;ravel_memory_budget_bytes{mode="all"}=4400000000;ravel_memory_reserved_bytes{mode="all",component="sql"}=0;ravel_memory_reserved_bytes{mode="all",component="fetch"}=0;ravel_memory_handoff_overlap_bytes{mode="all"}=0
1791352482.087	1	3092140296	3117764608	5432778752	0	0	2691650939	0	0	4400000000	2691650939	2741127813	5424820224	5350039552	ravel_process_allocator_bytes{mode="all",allocator="jemalloc",stat="allocated"}=3092140296;ravel_process_allocator_bytes{mode="all",allocator="jemalloc",stat="active"}=3117764608;ravel_process_allocator_bytes{mode="all",allocator="jemalloc",stat="resident"}=5432778752;ravel_cache_resident_bytes{mode="all",cache="fetch"}=2691650939;ravel_cache_resident_bytes{mode="all",cache="catalog"}=0;ravel_memory_budget_bytes{mode="all"}=4400000000;ravel_memory_reserved_bytes{mode="all",component="sql"}=0;ravel_memory_reserved_bytes{mode="all",component="fetch"}=0;ravel_memory_handoff_overlap_bytes{mode="all"}=0
1791352487.087	1	3092136104	3117719552	5432778752	0	0	2691650939	0	0	4400000000	2691650939	2741127813	5424820224	5350039552	ravel_process_allocator_bytes{mode="all",allocator="jemalloc",stat="allocated"}=3092136104;ravel_process_allocator_bytes{mode="all",allocator="jemalloc",stat="active"}=3117719552;ravel_process_allocator_bytes{mode="all",allocator="jemalloc",stat="resident"}=5432778752;ravel_cache_resident_bytes{mode="all",cache="fetch"}=2691650939;ravel_cache_resident_bytes{mode="all",cache="catalog"}=0;ravel_memory_budget_bytes{mode="all"}=4400000000;ravel_memory_reserved_bytes{mode="all",component="sql"}=0;ravel_memory_reserved_bytes{mode="all",component="fetch"}=0;ravel_memory_handoff_overlap_bytes{mode="all"}=0
1791352492.087	1	3092069080	3117629440	5432778752	0	0	2691650939	0	0	4400000000	2691650939	2741127813	5424820224	5350039552	ravel_process_allocator_bytes{mode="all",allocator="jemalloc",stat="allocated"}=3092069080;ravel_process_allocator_bytes{mode="all",allocator="jemalloc",stat="active"}=3117629440;ravel_process_allocator_bytes{mode="all",allocator="jemalloc",stat="resident"}=5432778752;ravel_cache_resident_bytes{mode="all",cache="fetch"}=2691650939;ravel_cache_resident_bytes{mode="all",cache="catalog"}=0;ravel_memory_budget_bytes{mode="all"}=4400000000;ravel_memory_reserved_bytes{mode="all",component="sql"}=0;ravel_memory_reserved_bytes{mode="all",component="fetch"}=0;ravel_memory_handoff_overlap_bytes{mode="all"}=0
1791352497.087	1	3092057048	3117617152	5432778752	0	0	2691650939	0	0	4400000000	2691650939	2741127813	5424820224	5350039552	ravel_process_allocator_bytes{mode="all",allocator="jemalloc",stat="allocated"}=3092057048;ravel_process_allocator_bytes{mode="all",allocator="jemalloc",stat="active"}=3117617152;ravel_process_allocator_bytes{mode="all",allocator="jemalloc",stat="resident"}=5432778752;ravel_cache_resident_bytes{mode="all",cache="fetch"}=2691650939;ravel_cache_resident_bytes{mode="all",cache="catalog"}=0;ravel_memory_budget_bytes{mode="all"}=4400000000;ravel_memory_reserved_bytes{mode="all",component="sql"}=0;ravel_memory_reserved_bytes{mode="all",component="fetch"}=0;ravel_memory_handoff_overlap_bytes{mode="all"}=0
1791352502.087	1	3092032904	3117551616	5432778752	0	0	2691650939	0	0	4400000000	2691650939	2741127813	5424820224	5350039552	ravel_process_allocator_bytes{mode="all",allocator="jemalloc",stat="allocated"}=3092032904;ravel_process_allocator_bytes{mode="all",allocator="jemalloc",stat="active"}=3117551616;ravel_process_allocator_bytes{mode="all",allocator="jemalloc",stat="resident"}=5432778752;ravel_cache_resident_bytes{mode="all",cache="fetch"}=2691650939;ravel_cache_resident_bytes{mode="all",cache="catalog"}=0;ravel_memory_budget_bytes{mode="all"}=4400000000;ravel_memory_reserved_bytes{mode="all",component="sql"}=0;ravel_memory_reserved_bytes{mode="all",component="fetch"}=0;ravel_memory_handoff_overlap_bytes{mode="all"}=0
1791352507.087	1	3092023112	3117551616	5432778752	0	0	2691650939	0	0	4400000000	2691650939	2741127813	5424820224	5350039552	ravel_process_allocator_bytes{mode="all",allocator="jemalloc",stat="allocated"}=3092023112;ravel_process_allocator_bytes{mode="all",allocator="jemalloc",stat="active"}=3117551616;ravel_process_allocator_bytes{mode="all",allocator="jemalloc",stat="resident"}=5432778752;ravel_cache_resident_bytes{mode="all",cache="fetch"}=2691650939;ravel_cache_resident_bytes{mode="all",cache="catalog"}=0;ravel_memory_budget_bytes{mode="all"}=4400000000;ravel_memory_reserved_bytes{mode="all",component="sql"}=0;ravel_memory_reserved_bytes{mode="all",component="fetch"}=0;ravel_memory_handoff_overlap_bytes{mode="all"}=0
1791352512.087	1	3091959408	3117465600	5432778752	0	0	2691650939	0	0	4400000000	2691650939	2741127813	5424820224	5350039552	ravel_process_allocator_bytes{mode="all",allocator="jemalloc",stat="allocated"}=3091959408;ravel_process_allocator_bytes{mode="all",allocator="jemalloc",stat="active"}=3117465600;ravel_process_allocator_bytes{mode="all",allocator="jemalloc",stat="resident"}=5432778752;ravel_cache_resident_bytes{mode="all",cache="fetch"}=2691650939;ravel_cache_resident_bytes{mode="all",cache="catalog"}=0;ravel_memory_budget_bytes{mode="all"}=4400000000;ravel_memory_reserved_bytes{mode="all",component="sql"}=0;ravel_memory_reserved_bytes{mode="all",component="fetch"}=0;ravel_memory_handoff_overlap_bytes{mode="all"}=0
1791352517.087	1	3091913584	3117420544	5432778752	0	0	2691650939	0	0	4400000000	2691650939	2741127813	5424820224	5350039552	ravel_process_allocator_bytes{mode="all",allocator="jemalloc",stat="allocated"}=3091913584;ravel_process_allocator_bytes{mode="all",allocator="jemalloc",stat="active"}=3117420544;ravel_process_allocator_bytes{mode="all",allocator="jemalloc",stat="resident"}=5432778752;ravel_cache_resident_bytes{mode="all",cache="fetch"}=2691650939;ravel_cache_resident_bytes{mode="all",cache="catalog"}=0;ravel_memory_budget_bytes{mode="all"}=4400000000;ravel_memory_reserved_bytes{mode="all",component="sql"}=0;ravel_memory_reserved_bytes{mode="all",component="fetch"}=0;ravel_memory_handoff_overlap_bytes{mode="all"}=0
1791352522.087	1	3091913584	3117420544	5432778752	0	0	2691650939	0	0	4400000000	2691650939	2741127813	5424820224	5350039552	ravel_process_allocator_bytes{mode="all",allocator="jemalloc",stat="allocated"}=3091913584;ravel_process_allocator_bytes{mode="all",allocator="jemalloc",stat="active"}=3117420544;ravel_process_allocator_bytes{mode="all",allocator="jemalloc",stat="resident"}=5432778752;ravel_cache_resident_bytes{mode="all",cache="fetch"}=2691650939;ravel_cache_resident_bytes{mode="all",cache="catalog"}=0;ravel_memory_budget_bytes{mode="all"}=4400000000;ravel_memory_reserved_bytes{mode="all",component="sql"}=0;ravel_memory_reserved_bytes{mode="all",component="fetch"}=0;ravel_memory_handoff_overlap_bytes{mode="all"}=0
1791352527.087	1	3091943344	3117486080	5432778752	0	0	2691650939	0	0	4400000000	2691650939	2741127813	5424820224	5350039552	ravel_process_allocator_bytes{mode="all",allocator="jemalloc",stat="allocated"}=3091943344;ravel_process_allocator_bytes{mode="all",allocator="jemalloc",stat="active"}=3117486080;ravel_process_allocator_bytes{mode="all",allocator="jemalloc",stat="resident"}=5432778752;ravel_cache_resident_bytes{mode="all",cache="fetch"}=2691650939;ravel_cache_resident_bytes{mode="all",cache="catalog"}=0;ravel_memory_budget_bytes{mode="all"}=4400000000;ravel_memory_reserved_bytes{mode="all",component="sql"}=0;ravel_memory_reserved_bytes{mode="all",component="fetch"}=0;ravel_memory_handoff_overlap_bytes{mode="all"}=0
1791352532.087	1	3091997936	3117477888	5432778752	0	0	2691650939	0	0	4400000000	2691650939	2741127813	5424820224	5350039552	ravel_process_allocator_bytes{mode="all",allocator="jemalloc",stat="allocated"}=3091997936;ravel_process_allocator_bytes{mode="all",allocator="jemalloc",stat="active"}=3117477888;ravel_process_allocator_bytes{mode="all",allocator="jemalloc",stat="resident"}=5432778752;ravel_cache_resident_bytes{mode="all",cache="fetch"}=2691650939;ravel_cache_resident_bytes{mode="all",cache="catalog"}=0;ravel_memory_budget_bytes{mode="all"}=4400000000;ravel_memory_reserved_bytes{mode="all",component="sql"}=0;ravel_memory_reserved_bytes{mode="all",component="fetch"}=0;ravel_memory_handoff_overlap_bytes{mode="all"}=0
1791352537.087	1	3091978416	3117469696	5282594816	0	0	2691650939	0	0	4400000000	2691650939	2590943877	5424820224	5350039552	ravel_process_allocator_bytes{mode="all",allocator="jemalloc",stat="allocated"}=3091978416;ravel_process_allocator_bytes{mode="all",allocator="jemalloc",stat="active"}=3117469696;ravel_process_allocator_bytes{mode="all",allocator="jemalloc",stat="resident"}=5282594816;ravel_cache_resident_bytes{mode="all",cache="fetch"}=2691650939;ravel_cache_resident_bytes{mode="all",cache="catalog"}=0;ravel_memory_budget_bytes{mode="all"}=4400000000;ravel_memory_reserved_bytes{mode="all",component="sql"}=0;ravel_memory_reserved_bytes{mode="all",component="fetch"}=0;ravel_memory_handoff_overlap_bytes{mode="all"}=0
1791352542.087	1	3091990568	3117441024	5282594816	0	0	2691650939	0	0	4400000000	2691650939	2590943877	5276848128	5202067456	ravel_process_allocator_bytes{mode="all",allocator="jemalloc",stat="allocated"}=3091990568;ravel_process_allocator_bytes{mode="all",allocator="jemalloc",stat="active"}=3117441024;ravel_process_allocator_bytes{mode="all",allocator="jemalloc",stat="resident"}=5282594816;ravel_cache_resident_bytes{mode="all",cache="fetch"}=2691650939;ravel_cache_resident_bytes{mode="all",cache="catalog"}=0;ravel_memory_budget_bytes{mode="all"}=4400000000;ravel_memory_reserved_bytes{mode="all",component="sql"}=0;ravel_memory_reserved_bytes{mode="all",component="fetch"}=0;ravel_memory_handoff_overlap_bytes{mode="all"}=0
1791352547.087	1	3091983512	3117453312	5282594816	0	0	2691650939	0	0	4400000000	2691650939	2590943877	5276848128	5202067456	ravel_process_allocator_bytes{mode="all",allocator="jemalloc",stat="allocated"}=3091983512;ravel_process_allocator_bytes{mode="all",allocator="jemalloc",stat="active"}=3117453312;ravel_process_allocator_bytes{mode="all",allocator="jemalloc",stat="resident"}=5282594816;ravel_cache_resident_bytes{mode="all",cache="fetch"}=2691650939;ravel_cache_resident_bytes{mode="all",cache="catalog"}=0;ravel_memory_budget_bytes{mode="all"}=4400000000;ravel_memory_reserved_bytes{mode="all",component="sql"}=0;ravel_memory_reserved_bytes{mode="all",component="fetch"}=0;ravel_memory_handoff_overlap_bytes{mode="all"}=0
1791352552.087	1	3091975880	3117445120	5282594816	0	0	2691650939	0	0	4400000000	2691650939	2590943877	5276848128	5202067456	ravel_process_allocator_bytes{mode="all",allocator="jemalloc",stat="allocated"}=3091975880;ravel_process_allocator_bytes{mode="all",allocator="jemalloc",stat="active"}=3117445120;ravel_process_allocator_bytes{mode="all",allocator="jemalloc",stat="resident"}=5282594816;ravel_cache_resident_bytes{mode="all",cache="fetch"}=2691650939;ravel_cache_resident_bytes{mode="all",cache="catalog"}=0;ravel_memory_budget_bytes{mode="all"}=4400000000;ravel_memory_reserved_bytes{mode="all",component="sql"}=0;ravel_memory_reserved_bytes{mode="all",component="fetch"}=0;ravel_memory_handoff_overlap_bytes{mode="all"}=0
1791352557.087	1	3091982312	3117461504	5282594816	0	0	2691650939	0	0	4400000000	2691650939	2590943877	5276848128	5202067456	ravel_process_allocator_bytes{mode="all",allocator="jemalloc",stat="allocated"}=3091982312;ravel_process_allocator_bytes{mode="all",allocator="jemalloc",stat="active"}=3117461504;ravel_process_allocator_bytes{mode="all",allocator="jemalloc",stat="resident"}=5282594816;ravel_cache_resident_bytes{mode="all",cache="fetch"}=2691650939;ravel_cache_resident_bytes{mode="all",cache="catalog"}=0;ravel_memory_budget_bytes{mode="all"}=4400000000;ravel_memory_reserved_bytes{mode="all",component="sql"}=0;ravel_memory_reserved_bytes{mode="all",component="fetch"}=0;ravel_memory_handoff_overlap_bytes{mode="all"}=0
1791352562.087	1	3091944808	3117461504	5282594816	0	0	2691650939	0	0	4400000000	2691650939	2590943877	5276848128	5202067456	ravel_process_allocator_bytes{mode="all",allocator="jemalloc",stat="allocated"}=3091944808;ravel_process_allocator_bytes{mode="all",allocator="jemalloc",stat="active"}=3117461504;ravel_process_allocator_bytes{mode="all",allocator="jemalloc",stat="resident"}=5282594816;ravel_cache_resident_bytes{mode="all",cache="fetch"}=2691650939;ravel_cache_resident_bytes{mode="all",cache="catalog"}=0;ravel_memory_budget_bytes{mode="all"}=4400000000;ravel_memory_reserved_bytes{mode="all",component="sql"}=0;ravel_memory_reserved_bytes{mode="all",component="fetch"}=0;ravel_memory_handoff_overlap_bytes{mode="all"}=0
1791352567.087	1	3091952264	3117469696	5282594816	0	0	2691650939	0	0	4400000000	2691650939	2590943877	5276848128	5202067456	ravel_process_allocator_bytes{mode="all",allocator="jemalloc",stat="allocated"}=3091952264;ravel_process_allocator_bytes{mode="all",allocator="jemalloc",stat="active"}=3117469696;ravel_process_allocator_bytes{mode="all",allocator="jemalloc",stat="resident"}=5282594816;ravel_cache_resident_bytes{mode="all",cache="fetch"}=2691650939;ravel_cache_resident_bytes{mode="all",cache="catalog"}=0;ravel_memory_budget_bytes{mode="all"}=4400000000;ravel_memory_reserved_bytes{mode="all",component="sql"}=0;ravel_memory_reserved_bytes{mode="all",component="fetch"}=0;ravel_memory_handoff_overlap_bytes{mode="all"}=0
1791352572.087	1	3091948864	3117445120	5282594816	0	0	2691650939	0	0	4400000000	2691650939	2590943877	5276848128	5202067456	ravel_process_allocator_bytes{mode="all",allocator="jemalloc",stat="allocated"}=3091948864;ravel_process_allocator_bytes{mode="all",allocator="jemalloc",stat="active"}=3117445120;ravel_process_allocator_bytes{mode="all",allocator="jemalloc",stat="resident"}=5282594816;ravel_cache_resident_bytes{mode="all",cache="fetch"}=2691650939;ravel_cache_resident_bytes{mode="all",cache="catalog"}=0;ravel_memory_budget_bytes{mode="all"}=4400000000;ravel_memory_reserved_bytes{mode="all",component="sql"}=0;ravel_memory_reserved_bytes{mode="all",component="fetch"}=0;ravel_memory_handoff_overlap_bytes{mode="all"}=0
1791352577.087	1	3091927280	3117416448	5282594816	0	0	2691650939	0	0	4400000000	2691650939	2590943877	5276848128	5202067456	ravel_process_allocator_bytes{mode="all",allocator="jemalloc",stat="allocated"}=3091927280;ravel_process_allocator_bytes{mode="all",allocator="jemalloc",stat="active"}=3117416448;ravel_process_allocator_bytes{mode="all",allocator="jemalloc",stat="resident"}=5282594816;ravel_cache_resident_bytes{mode="all",cache="fetch"}=2691650939;ravel_cache_resident_bytes{mode="all",cache="catalog"}=0;ravel_memory_budget_bytes{mode="all"}=4400000000;ravel_memory_reserved_bytes{mode="all",component="sql"}=0;ravel_memory_reserved_bytes{mode="all",component="fetch"}=0;ravel_memory_handoff_overlap_bytes{mode="all"}=0
1791352582.087	1	3091928608	3117416448	5282594816	0	0	2691650939	0	0	4400000000	2691650939	2590943877	5276848128	5202067456	ravel_process_allocator_bytes{mode="all",allocator="jemalloc",stat="allocated"}=3091928608;ravel_process_allocator_bytes{mode="all",allocator="jemalloc",stat="active"}=3117416448;ravel_process_allocator_bytes{mode="all",allocator="jemalloc",stat="resident"}=5282594816;ravel_cache_resident_bytes{mode="all",cache="fetch"}=2691650939;ravel_cache_resident_bytes{mode="all",cache="catalog"}=0;ravel_memory_budget_bytes{mode="all"}=4400000000;ravel_memory_reserved_bytes{mode="all",component="sql"}=0;ravel_memory_reserved_bytes{mode="all",component="fetch"}=0;ravel_memory_handoff_overlap_bytes{mode="all"}=0
1791352587.087	1	3091908320	3117408256	5282594816	0	0	2691650939	0	0	4400000000	2691650939	2590943877	5276848128	5202067456	ravel_process_allocator_bytes{mode="all",allocator="jemalloc",stat="allocated"}=3091908320;ravel_process_allocator_bytes{mode="all",allocator="jemalloc",stat="active"}=3117408256;ravel_process_allocator_bytes{mode="all",allocator="jemalloc",stat="resident"}=5282594816;ravel_cache_resident_bytes{mode="all",cache="fetch"}=2691650939;ravel_cache_resident_bytes{mode="all",cache="catalog"}=0;ravel_memory_budget_bytes{mode="all"}=4400000000;ravel_memory_reserved_bytes{mode="all",component="sql"}=0;ravel_memory_reserved_bytes{mode="all",component="fetch"}=0;ravel_memory_handoff_overlap_bytes{mode="all"}=0
1791352592.087	1	3091914112	3117408256	5282594816	0	0	2691650939	0	0	4400000000	2691650939	2590943877	5276848128	5202067456	ravel_process_allocator_bytes{mode="all",allocator="jemalloc",stat="allocated"}=3091914112;ravel_process_allocator_bytes{mode="all",allocator="jemalloc",stat="active"}=3117408256;ravel_process_allocator_bytes{mode="all",allocator="jemalloc",stat="resident"}=5282594816;ravel_cache_resident_bytes{mode="all",cache="fetch"}=2691650939;ravel_cache_resident_bytes{mode="all",cache="catalog"}=0;ravel_memory_budget_bytes{mode="all"}=4400000000;ravel_memory_reserved_bytes{mode="all",component="sql"}=0;ravel_memory_reserved_bytes{mode="all",component="fetch"}=0;ravel_memory_handoff_overlap_bytes{mode="all"}=0
1791352597.087	1	3091874392	3117350912	5282594816	0	0	2691650939	0	0	4400000000	2691650939	2590943877	5276848128	5202067456	ravel_process_allocator_bytes{mode="all",allocator="jemalloc",stat="allocated"}=3091874392;ravel_process_allocator_bytes{mode="all",allocator="jemalloc",stat="active"}=3117350912;ravel_process_allocator_bytes{mode="all",allocator="jemalloc",stat="resident"}=5282594816;ravel_cache_resident_bytes{mode="all",cache="fetch"}=2691650939;ravel_cache_resident_bytes{mode="all",cache="catalog"}=0;ravel_memory_budget_bytes{mode="all"}=4400000000;ravel_memory_reserved_bytes{mode="all",component="sql"}=0;ravel_memory_reserved_bytes{mode="all",component="fetch"}=0;ravel_memory_handoff_overlap_bytes{mode="all"}=0
1791352602.087	1	3091827528	3117326336	5282594816	0	0	2691650939	0	0	4400000000	2691650939	2590943877	5276848128	5202067456	ravel_process_allocator_bytes{mode="all",allocator="jemalloc",stat="allocated"}=3091827528;ravel_process_allocator_bytes{mode="all",allocator="jemalloc",stat="active"}=3117326336;ravel_process_allocator_bytes{mode="all",allocator="jemalloc",stat="resident"}=5282594816;ravel_cache_resident_bytes{mode="all",cache="fetch"}=2691650939;ravel_cache_resident_bytes{mode="all",cache="catalog"}=0;ravel_memory_budget_bytes{mode="all"}=4400000000;ravel_memory_reserved_bytes{mode="all",component="sql"}=0;ravel_memory_reserved_bytes{mode="all",component="fetch"}=0;ravel_memory_handoff_overlap_bytes{mode="all"}=0
1791352607.087	1	3091906856	3117379584	5282594816	0	0	2691650939	0	0	4400000000	2691650939	2590943877	5276848128	5202067456	ravel_process_allocator_bytes{mode="all",allocator="jemalloc",stat="allocated"}=3091906856;ravel_process_allocator_bytes{mode="all",allocator="jemalloc",stat="active"}=3117379584;ravel_process_allocator_bytes{mode="all",allocator="jemalloc",stat="resident"}=5282594816;ravel_cache_resident_bytes{mode="all",cache="fetch"}=2691650939;ravel_cache_resident_bytes{mode="all",cache="catalog"}=0;ravel_memory_budget_bytes{mode="all"}=4400000000;ravel_memory_reserved_bytes{mode="all",component="sql"}=0;ravel_memory_reserved_bytes{mode="all",component="fetch"}=0;ravel_memory_handoff_overlap_bytes{mode="all"}=0
1791352612.087	1	3091942544	3117445120	5282594816	0	0	2691650939	0	0	4400000000	2691650939	2590943877	5276848128	5202067456	ravel_process_allocator_bytes{mode="all",allocator="jemalloc",stat="allocated"}=3091942544;ravel_process_allocator_bytes{mode="all",allocator="jemalloc",stat="active"}=3117445120;ravel_process_allocator_bytes{mode="all",allocator="jemalloc",stat="resident"}=5282594816;ravel_cache_resident_bytes{mode="all",cache="fetch"}=2691650939;ravel_cache_resident_bytes{mode="all",cache="catalog"}=0;ravel_memory_budget_bytes{mode="all"}=4400000000;ravel_memory_reserved_bytes{mode="all",component="sql"}=0;ravel_memory_reserved_bytes{mode="all",component="fetch"}=0;ravel_memory_handoff_overlap_bytes{mode="all"}=0
1791352617.087	1	3091934816	3117445120	5282594816	0	0	2691650939	0	0	4400000000	2691650939	2590943877	5276848128	5202067456	ravel_process_allocator_bytes{mode="all",allocator="jemalloc",stat="allocated"}=3091934816;ravel_process_allocator_bytes{mode="all",allocator="jemalloc",stat="active"}=3117445120;ravel_process_allocator_bytes{mode="all",allocator="jemalloc",stat="resident"}=5282594816;ravel_cache_resident_bytes{mode="all",cache="fetch"}=2691650939;ravel_cache_resident_bytes{mode="all",cache="catalog"}=0;ravel_memory_budget_bytes{mode="all"}=4400000000;ravel_memory_reserved_bytes{mode="all",component="sql"}=0;ravel_memory_reserved_bytes{mode="all",component="fetch"}=0;ravel_memory_handoff_overlap_bytes{mode="all"}=0
1791352622.087	1	3091922128	3117400064	5282594816	0	0	2691650939	0	0	4400000000	2691650939	2590943877	5276848128	5202067456	ravel_process_allocator_bytes{mode="all",allocator="jemalloc",stat="allocated"}=3091922128;ravel_process_allocator_bytes{mode="all",allocator="jemalloc",stat="active"}=3117400064;ravel_process_allocator_bytes{mode="all",allocator="jemalloc",stat="resident"}=5282594816;ravel_cache_resident_bytes{mode="all",cache="fetch"}=2691650939;ravel_cache_resident_bytes{mode="all",cache="catalog"}=0;ravel_memory_budget_bytes{mode="all"}=4400000000;ravel_memory_reserved_bytes{mode="all",component="sql"}=0;ravel_memory_reserved_bytes{mode="all",component="fetch"}=0;ravel_memory_handoff_overlap_bytes{mode="all"}=0
1791352627.087	1	3091940008	3117395968	5263208448	0	0	2691650939	0	0	4400000000	2691650939	2571557509	5257478144	5182697472	ravel_process_allocator_bytes{mode="all",allocator="jemalloc",stat="allocated"}=3091940008;ravel_process_allocator_bytes{mode="all",allocator="jemalloc",stat="active"}=3117395968;ravel_process_allocator_bytes{mode="all",allocator="jemalloc",stat="resident"}=5263208448;ravel_cache_resident_bytes{mode="all",cache="fetch"}=2691650939;ravel_cache_resident_bytes{mode="all",cache="catalog"}=0;ravel_memory_budget_bytes{mode="all"}=4400000000;ravel_memory_reserved_bytes{mode="all",component="sql"}=0;ravel_memory_reserved_bytes{mode="all",component="fetch"}=0;ravel_memory_handoff_overlap_bytes{mode="all"}=0
1791352632.087	1	3091958312	3117395968	5263208448	0	0	2691650939	0	0	4400000000	2691650939	2571557509	5257478144	5182697472	ravel_process_allocator_bytes{mode="all",allocator="jemalloc",stat="allocated"}=3091958312;ravel_process_allocator_bytes{mode="all",allocator="jemalloc",stat="active"}=3117395968;ravel_process_allocator_bytes{mode="all",allocator="jemalloc",stat="resident"}=5263208448;ravel_cache_resident_bytes{mode="all",cache="fetch"}=2691650939;ravel_cache_resident_bytes{mode="all",cache="catalog"}=0;ravel_memory_budget_bytes{mode="all"}=4400000000;ravel_memory_reserved_bytes{mode="all",component="sql"}=0;ravel_memory_reserved_bytes{mode="all",component="fetch"}=0;ravel_memory_handoff_overlap_bytes{mode="all"}=0
1791352637.087	1	3091977672	3117420544	5263474688	0	0	2691650939	0	0	4400000000	2691650939	2571823749	5257666560	5182885888	ravel_process_allocator_bytes{mode="all",allocator="jemalloc",stat="allocated"}=3091977672;ravel_process_allocator_bytes{mode="all",allocator="jemalloc",stat="active"}=3117420544;ravel_process_allocator_bytes{mode="all",allocator="jemalloc",stat="resident"}=5263474688;ravel_cache_resident_bytes{mode="all",cache="fetch"}=2691650939;ravel_cache_resident_bytes{mode="all",cache="catalog"}=0;ravel_memory_budget_bytes{mode="all"}=4400000000;ravel_memory_reserved_bytes{mode="all",component="sql"}=0;ravel_memory_reserved_bytes{mode="all",component="fetch"}=0;ravel_memory_handoff_overlap_bytes{mode="all"}=0
1791352642.087	1	3091977656	3117449216	5263474688	0	0	2691650939	0	0	4400000000	2691650939	2571823749	5257666560	5182885888	ravel_process_allocator_bytes{mode="all",allocator="jemalloc",stat="allocated"}=3091977656;ravel_process_allocator_bytes{mode="all",allocator="jemalloc",stat="active"}=3117449216;ravel_process_allocator_bytes{mode="all",allocator="jemalloc",stat="resident"}=5263474688;ravel_cache_resident_bytes{mode="all",cache="fetch"}=2691650939;ravel_cache_resident_bytes{mode="all",cache="catalog"}=0;ravel_memory_budget_bytes{mode="all"}=4400000000;ravel_memory_reserved_bytes{mode="all",component="sql"}=0;ravel_memory_reserved_bytes{mode="all",component="fetch"}=0;ravel_memory_handoff_overlap_bytes{mode="all"}=0
1791352647.087	1	3091945568	3117424640	5263474688	0	0	2691650939	0	0	4400000000	2691650939	2571823749	5257666560	5182885888	ravel_process_allocator_bytes{mode="all",allocator="jemalloc",stat="allocated"}=3091945568;ravel_process_allocator_bytes{mode="all",allocator="jemalloc",stat="active"}=3117424640;ravel_process_allocator_bytes{mode="all",allocator="jemalloc",stat="resident"}=5263474688;ravel_cache_resident_bytes{mode="all",cache="fetch"}=2691650939;ravel_cache_resident_bytes{mode="all",cache="catalog"}=0;ravel_memory_budget_bytes{mode="all"}=4400000000;ravel_memory_reserved_bytes{mode="all",component="sql"}=0;ravel_memory_reserved_bytes{mode="all",component="fetch"}=0;ravel_memory_handoff_overlap_bytes{mode="all"}=0
1791352652.087	1	3091957376	3117445120	5263474688	0	0	2691650939	0	0	4400000000	2691650939	2571823749	5257666560	5182885888	ravel_process_allocator_bytes{mode="all",allocator="jemalloc",stat="allocated"}=3091957376;ravel_process_allocator_bytes{mode="all",allocator="jemalloc",stat="active"}=3117445120;ravel_process_allocator_bytes{mode="all",allocator="jemalloc",stat="resident"}=5263474688;ravel_cache_resident_bytes{mode="all",cache="fetch"}=2691650939;ravel_cache_resident_bytes{mode="all",cache="catalog"}=0;ravel_memory_budget_bytes{mode="all"}=4400000000;ravel_memory_reserved_bytes{mode="all",component="sql"}=0;ravel_memory_reserved_bytes{mode="all",component="fetch"}=0;ravel_memory_handoff_overlap_bytes{mode="all"}=0
1791352657.087	1	3091945952	3117416448	5263474688	0	0	2691650939	0	0	4400000000	2691650939	2571823749	5257666560	5182885888	ravel_process_allocator_bytes{mode="all",allocator="jemalloc",stat="allocated"}=3091945952;ravel_process_allocator_bytes{mode="all",allocator="jemalloc",stat="active"}=3117416448;ravel_process_allocator_bytes{mode="all",allocator="jemalloc",stat="resident"}=5263474688;ravel_cache_resident_bytes{mode="all",cache="fetch"}=2691650939;ravel_cache_resident_bytes{mode="all",cache="catalog"}=0;ravel_memory_budget_bytes{mode="all"}=4400000000;ravel_memory_reserved_bytes{mode="all",component="sql"}=0;ravel_memory_reserved_bytes{mode="all",component="fetch"}=0;ravel_memory_handoff_overlap_bytes{mode="all"}=0
1791352662.087	1	3091920088	3117404160	5263474688	0	0	2691650939	0	0	4400000000	2691650939	2571823749	5257666560	5182885888	ravel_process_allocator_bytes{mode="all",allocator="jemalloc",stat="allocated"}=3091920088;ravel_process_allocator_bytes{mode="all",allocator="jemalloc",stat="active"}=3117404160;ravel_process_allocator_bytes{mode="all",allocator="jemalloc",stat="resident"}=5263474688;ravel_cache_resident_bytes{mode="all",cache="fetch"}=2691650939;ravel_cache_resident_bytes{mode="all",cache="catalog"}=0;ravel_memory_budget_bytes{mode="all"}=4400000000;ravel_memory_reserved_bytes{mode="all",component="sql"}=0;ravel_memory_reserved_bytes{mode="all",component="fetch"}=0;ravel_memory_handoff_overlap_bytes{mode="all"}=0
1791352667.087	1	3091917816	3117412352	5263474688	0	0	2691650939	0	0	4400000000	2691650939	2571823749	5257666560	5182885888	ravel_process_allocator_bytes{mode="all",allocator="jemalloc",stat="allocated"}=3091917816;ravel_process_allocator_bytes{mode="all",allocator="jemalloc",stat="active"}=3117412352;ravel_process_allocator_bytes{mode="all",allocator="jemalloc",stat="resident"}=5263474688;ravel_cache_resident_bytes{mode="all",cache="fetch"}=2691650939;ravel_cache_resident_bytes{mode="all",cache="catalog"}=0;ravel_memory_budget_bytes{mode="all"}=4400000000;ravel_memory_reserved_bytes{mode="all",component="sql"}=0;ravel_memory_reserved_bytes{mode="all",component="fetch"}=0;ravel_memory_handoff_overlap_bytes{mode="all"}=0
1791352672.087	1	3091895168	3117404160	5263474688	0	0	2691650939	0	0	4400000000	2691650939	2571823749	5257666560	5182885888	ravel_process_allocator_bytes{mode="all",allocator="jemalloc",stat="allocated"}=3091895168;ravel_process_allocator_bytes{mode="all",allocator="jemalloc",stat="active"}=3117404160;ravel_process_allocator_bytes{mode="all",allocator="jemalloc",stat="resident"}=5263474688;ravel_cache_resident_bytes{mode="all",cache="fetch"}=2691650939;ravel_cache_resident_bytes{mode="all",cache="catalog"}=0;ravel_memory_budget_bytes{mode="all"}=4400000000;ravel_memory_reserved_bytes{mode="all",component="sql"}=0;ravel_memory_reserved_bytes{mode="all",component="fetch"}=0;ravel_memory_handoff_overlap_bytes{mode="all"}=0
1791352677.087	1	3091911544	3117461504	5263474688	0	0	2691650939	0	0	4400000000	2691650939	2571823749	5257670656	5182889984	ravel_process_allocator_bytes{mode="all",allocator="jemalloc",stat="allocated"}=3091911544;ravel_process_allocator_bytes{mode="all",allocator="jemalloc",stat="active"}=3117461504;ravel_process_allocator_bytes{mode="all",allocator="jemalloc",stat="resident"}=5263474688;ravel_cache_resident_bytes{mode="all",cache="fetch"}=2691650939;ravel_cache_resident_bytes{mode="all",cache="catalog"}=0;ravel_memory_budget_bytes{mode="all"}=4400000000;ravel_memory_reserved_bytes{mode="all",component="sql"}=0;ravel_memory_reserved_bytes{mode="all",component="fetch"}=0;ravel_memory_handoff_overlap_bytes{mode="all"}=0
1791352682.087	1	3091886280	3117432832	5263474688	0	0	2691650939	0	0	4400000000	2691650939	2571823749	5257670656	5182889984	ravel_process_allocator_bytes{mode="all",allocator="jemalloc",stat="allocated"}=3091886280;ravel_process_allocator_bytes{mode="all",allocator="jemalloc",stat="active"}=3117432832;ravel_process_allocator_bytes{mode="all",allocator="jemalloc",stat="resident"}=5263474688;ravel_cache_resident_bytes{mode="all",cache="fetch"}=2691650939;ravel_cache_resident_bytes{mode="all",cache="catalog"}=0;ravel_memory_budget_bytes{mode="all"}=4400000000;ravel_memory_reserved_bytes{mode="all",component="sql"}=0;ravel_memory_reserved_bytes{mode="all",component="fetch"}=0;ravel_memory_handoff_overlap_bytes{mode="all"}=0
1791352687.087	1	3091897320	3117428736	5263474688	0	0	2691650939	0	0	4400000000	2691650939	2571823749	5257670656	5182889984	ravel_process_allocator_bytes{mode="all",allocator="jemalloc",stat="allocated"}=3091897320;ravel_process_allocator_bytes{mode="all",allocator="jemalloc",stat="active"}=3117428736;ravel_process_allocator_bytes{mode="all",allocator="jemalloc",stat="resident"}=5263474688;ravel_cache_resident_bytes{mode="all",cache="fetch"}=2691650939;ravel_cache_resident_bytes{mode="all",cache="catalog"}=0;ravel_memory_budget_bytes{mode="all"}=4400000000;ravel_memory_reserved_bytes{mode="all",component="sql"}=0;ravel_memory_reserved_bytes{mode="all",component="fetch"}=0;ravel_memory_handoff_overlap_bytes{mode="all"}=0
1791352692.087	1	3091868296	3117383680	5263638528	0	0	2691650939	0	0	4400000000	2691650939	2571987589	5257781248	5183000576	ravel_process_allocator_bytes{mode="all",allocator="jemalloc",stat="allocated"}=3091868296;ravel_process_allocator_bytes{mode="all",allocator="jemalloc",stat="active"}=3117383680;ravel_process_allocator_bytes{mode="all",allocator="jemalloc",stat="resident"}=5263638528;ravel_cache_resident_bytes{mode="all",cache="fetch"}=2691650939;ravel_cache_resident_bytes{mode="all",cache="catalog"}=0;ravel_memory_budget_bytes{mode="all"}=4400000000;ravel_memory_reserved_bytes{mode="all",component="sql"}=0;ravel_memory_reserved_bytes{mode="all",component="fetch"}=0;ravel_memory_handoff_overlap_bytes{mode="all"}=0
1791352697.087	1	3091904520	3117408256	5263638528	0	0	2691650939	0	0	4400000000	2691650939	2571987589	5257781248	5183000576	ravel_process_allocator_bytes{mode="all",allocator="jemalloc",stat="allocated"}=3091904520;ravel_process_allocator_bytes{mode="all",allocator="jemalloc",stat="active"}=3117408256;ravel_process_allocator_bytes{mode="all",allocator="jemalloc",stat="resident"}=5263638528;ravel_cache_resident_bytes{mode="all",cache="fetch"}=2691650939;ravel_cache_resident_bytes{mode="all",cache="catalog"}=0;ravel_memory_budget_bytes{mode="all"}=4400000000;ravel_memory_reserved_bytes{mode="all",component="sql"}=0;ravel_memory_reserved_bytes{mode="all",component="fetch"}=0;ravel_memory_handoff_overlap_bytes{mode="all"}=0
1791352702.087	1	3091883192	3117383680	5263638528	0	0	2691650939	0	0	4400000000	2691650939	2571987589	5257781248	5183000576	ravel_process_allocator_bytes{mode="all",allocator="jemalloc",stat="allocated"}=3091883192;ravel_process_allocator_bytes{mode="all",allocator="jemalloc",stat="active"}=3117383680;ravel_process_allocator_bytes{mode="all",allocator="jemalloc",stat="resident"}=5263638528;ravel_cache_resident_bytes{mode="all",cache="fetch"}=2691650939;ravel_cache_resident_bytes{mode="all",cache="catalog"}=0;ravel_memory_budget_bytes{mode="all"}=4400000000;ravel_memory_reserved_bytes{mode="all",component="sql"}=0;ravel_memory_reserved_bytes{mode="all",component="fetch"}=0;ravel_memory_handoff_overlap_bytes{mode="all"}=0
1791352707.087	1	3091927304	3117436928	5263638528	0	0	2691650939	0	0	4400000000	2691650939	2571987589	5257781248	5183000576	ravel_process_allocator_bytes{mode="all",allocator="jemalloc",stat="allocated"}=3091927304;ravel_process_allocator_bytes{mode="all",allocator="jemalloc",stat="active"}=3117436928;ravel_process_allocator_bytes{mode="all",allocator="jemalloc",stat="resident"}=5263638528;ravel_cache_resident_bytes{mode="all",cache="fetch"}=2691650939;ravel_cache_resident_bytes{mode="all",cache="catalog"}=0;ravel_memory_budget_bytes{mode="all"}=4400000000;ravel_memory_reserved_bytes{mode="all",component="sql"}=0;ravel_memory_reserved_bytes{mode="all",component="fetch"}=0;ravel_memory_handoff_overlap_bytes{mode="all"}=0
1791352712.087	1	3091875328	3117359104	5263638528	0	0	2691650939	0	0	4400000000	2691650939	2571987589	5257781248	5183000576	ravel_process_allocator_bytes{mode="all",allocator="jemalloc",stat="allocated"}=3091875328;ravel_process_allocator_bytes{mode="all",allocator="jemalloc",stat="active"}=3117359104;ravel_process_allocator_bytes{mode="all",allocator="jemalloc",stat="resident"}=5263638528;ravel_cache_resident_bytes{mode="all",cache="fetch"}=2691650939;ravel_cache_resident_bytes{mode="all",cache="catalog"}=0;ravel_memory_budget_bytes{mode="all"}=4400000000;ravel_memory_reserved_bytes{mode="all",component="sql"}=0;ravel_memory_reserved_bytes{mode="all",component="fetch"}=0;ravel_memory_handoff_overlap_bytes{mode="all"}=0
1791352717.087	1	3091873448	3117379584	5263638528	0	0	2691650939	0	0	4400000000	2691650939	2571987589	5257781248	5183000576	ravel_process_allocator_bytes{mode="all",allocator="jemalloc",stat="allocated"}=3091873448;ravel_process_allocator_bytes{mode="all",allocator="jemalloc",stat="active"}=3117379584;ravel_process_allocator_bytes{mode="all",allocator="jemalloc",stat="resident"}=5263638528;ravel_cache_resident_bytes{mode="all",cache="fetch"}=2691650939;ravel_cache_resident_bytes{mode="all",cache="catalog"}=0;ravel_memory_budget_bytes{mode="all"}=4400000000;ravel_memory_reserved_bytes{mode="all",component="sql"}=0;ravel_memory_reserved_bytes{mode="all",component="fetch"}=0;ravel_memory_handoff_overlap_bytes{mode="all"}=0
1791352722.087	1	3091869704	3117379584	5263638528	0	0	2691650939	0	0	4400000000	2691650939	2571987589	5257781248	5183000576	ravel_process_allocator_bytes{mode="all",allocator="jemalloc",stat="allocated"}=3091869704;ravel_process_allocator_bytes{mode="all",allocator="jemalloc",stat="active"}=3117379584;ravel_process_allocator_bytes{mode="all",allocator="jemalloc",stat="resident"}=5263638528;ravel_cache_resident_bytes{mode="all",cache="fetch"}=2691650939;ravel_cache_resident_bytes{mode="all",cache="catalog"}=0;ravel_memory_budget_bytes{mode="all"}=4400000000;ravel_memory_reserved_bytes{mode="all",component="sql"}=0;ravel_memory_reserved_bytes{mode="all",component="fetch"}=0;ravel_memory_handoff_overlap_bytes{mode="all"}=0
1791352727.087	1	3091868264	3117355008	5263638528	0	0	2691650939	0	0	4400000000	2691650939	2571987589	5257781248	5183000576	ravel_process_allocator_bytes{mode="all",allocator="jemalloc",stat="allocated"}=3091868264;ravel_process_allocator_bytes{mode="all",allocator="jemalloc",stat="active"}=3117355008;ravel_process_allocator_bytes{mode="all",allocator="jemalloc",stat="resident"}=5263638528;ravel_cache_resident_bytes{mode="all",cache="fetch"}=2691650939;ravel_cache_resident_bytes{mode="all",cache="catalog"}=0;ravel_memory_budget_bytes{mode="all"}=4400000000;ravel_memory_reserved_bytes{mode="all",component="sql"}=0;ravel_memory_reserved_bytes{mode="all",component="fetch"}=0;ravel_memory_handoff_overlap_bytes{mode="all"}=0
1791352732.087	1	3091887848	3117379584	5263638528	0	0	2691650939	0	0	4400000000	2691650939	2571987589	5257781248	5183000576	ravel_process_allocator_bytes{mode="all",allocator="jemalloc",stat="allocated"}=3091887848;ravel_process_allocator_bytes{mode="all",allocator="jemalloc",stat="active"}=3117379584;ravel_process_allocator_bytes{mode="all",allocator="jemalloc",stat="resident"}=5263638528;ravel_cache_resident_bytes{mode="all",cache="fetch"}=2691650939;ravel_cache_resident_bytes{mode="all",cache="catalog"}=0;ravel_memory_budget_bytes{mode="all"}=4400000000;ravel_memory_reserved_bytes{mode="all",component="sql"}=0;ravel_memory_reserved_bytes{mode="all",component="fetch"}=0;ravel_memory_handoff_overlap_bytes{mode="all"}=0
1791352737.087	1	3091878776	3117387776	5263638528	0	0	2691650939	0	0	4400000000	2691650939	2571987589	5257781248	5183000576	ravel_process_allocator_bytes{mode="all",allocator="jemalloc",stat="allocated"}=3091878776;ravel_process_allocator_bytes{mode="all",allocator="jemalloc",stat="active"}=3117387776;ravel_process_allocator_bytes{mode="all",allocator="jemalloc",stat="resident"}=5263638528;ravel_cache_resident_bytes{mode="all",cache="fetch"}=2691650939;ravel_cache_resident_bytes{mode="all",cache="catalog"}=0;ravel_memory_budget_bytes{mode="all"}=4400000000;ravel_memory_reserved_bytes{mode="all",component="sql"}=0;ravel_memory_reserved_bytes{mode="all",component="fetch"}=0;ravel_memory_handoff_overlap_bytes{mode="all"}=0
1791352742.087	1	3091880984	3117383680	5263638528	0	0	2691650939	0	0	4400000000	2691650939	2571987589	5257781248	5183000576	ravel_process_allocator_bytes{mode="all",allocator="jemalloc",stat="allocated"}=3091880984;ravel_process_allocator_bytes{mode="all",allocator="jemalloc",stat="active"}=3117383680;ravel_process_allocator_bytes{mode="all",allocator="jemalloc",stat="resident"}=5263638528;ravel_cache_resident_bytes{mode="all",cache="fetch"}=2691650939;ravel_cache_resident_bytes{mode="all",cache="catalog"}=0;ravel_memory_budget_bytes{mode="all"}=4400000000;ravel_memory_reserved_bytes{mode="all",component="sql"}=0;ravel_memory_reserved_bytes{mode="all",component="fetch"}=0;ravel_memory_handoff_overlap_bytes{mode="all"}=0
1791352747.087	1	3091893384	3117416448	5263638528	0	0	2691650939	0	0	4400000000	2691650939	2571987589	5257781248	5183000576	ravel_process_allocator_bytes{mode="all",allocator="jemalloc",stat="allocated"}=3091893384;ravel_process_allocator_bytes{mode="all",allocator="jemalloc",stat="active"}=3117416448;ravel_process_allocator_bytes{mode="all",allocator="jemalloc",stat="resident"}=5263638528;ravel_cache_resident_bytes{mode="all",cache="fetch"}=2691650939;ravel_cache_resident_bytes{mode="all",cache="catalog"}=0;ravel_memory_budget_bytes{mode="all"}=4400000000;ravel_memory_reserved_bytes{mode="all",component="sql"}=0;ravel_memory_reserved_bytes{mode="all",component="fetch"}=0;ravel_memory_handoff_overlap_bytes{mode="all"}=0
1791352752.087	1	3091895736	3117428736	5263638528	0	0	2691650939	0	0	4400000000	2691650939	2571987589	5257781248	5183000576	ravel_process_allocator_bytes{mode="all",allocator="jemalloc",stat="allocated"}=3091895736;ravel_process_allocator_bytes{mode="all",allocator="jemalloc",stat="active"}=3117428736;ravel_process_allocator_bytes{mode="all",allocator="jemalloc",stat="resident"}=5263638528;ravel_cache_resident_bytes{mode="all",cache="fetch"}=2691650939;ravel_cache_resident_bytes{mode="all",cache="catalog"}=0;ravel_memory_budget_bytes{mode="all"}=4400000000;ravel_memory_reserved_bytes{mode="all",component="sql"}=0;ravel_memory_reserved_bytes{mode="all",component="fetch"}=0;ravel_memory_handoff_overlap_bytes{mode="all"}=0
1791352757.087	1	3091854776	3117367296	5263638528	0	0	2691650939	0	0	4400000000	2691650939	2571987589	5257781248	5183000576	ravel_process_allocator_bytes{mode="all",allocator="jemalloc",stat="allocated"}=3091854776;ravel_process_allocator_bytes{mode="all",allocator="jemalloc",stat="active"}=3117367296;ravel_process_allocator_bytes{mode="all",allocator="jemalloc",stat="resident"}=5263638528;ravel_cache_resident_bytes{mode="all",cache="fetch"}=2691650939;ravel_cache_resident_bytes{mode="all",cache="catalog"}=0;ravel_memory_budget_bytes{mode="all"}=4400000000;ravel_memory_reserved_bytes{mode="all",component="sql"}=0;ravel_memory_reserved_bytes{mode="all",component="fetch"}=0;ravel_memory_handoff_overlap_bytes{mode="all"}=0
1791352762.087	1	3091847208	3117334528	5263638528	0	0	2691650939	0	0	4400000000	2691650939	2571987589	5257781248	5183000576	ravel_process_allocator_bytes{mode="all",allocator="jemalloc",stat="allocated"}=3091847208;ravel_process_allocator_bytes{mode="all",allocator="jemalloc",stat="active"}=3117334528;ravel_process_allocator_bytes{mode="all",allocator="jemalloc",stat="resident"}=5263638528;ravel_cache_resident_bytes{mode="all",cache="fetch"}=2691650939;ravel_cache_resident_bytes{mode="all",cache="catalog"}=0;ravel_memory_budget_bytes{mode="all"}=4400000000;ravel_memory_reserved_bytes{mode="all",component="sql"}=0;ravel_memory_reserved_bytes{mode="all",component="fetch"}=0;ravel_memory_handoff_overlap_bytes{mode="all"}=0
1791352767.087	1	3091856552	3117330432	5098557440	0	0	2691650939	0	0	4400000000	2691650939	2406906501	5257781248	5183000576	ravel_process_allocator_bytes{mode="all",allocator="jemalloc",stat="allocated"}=3091856552;ravel_process_allocator_bytes{mode="all",allocator="jemalloc",stat="active"}=3117330432;ravel_process_allocator_bytes{mode="all",allocator="jemalloc",stat="resident"}=5098557440;ravel_cache_resident_bytes{mode="all",cache="fetch"}=2691650939;ravel_cache_resident_bytes{mode="all",cache="catalog"}=0;ravel_memory_budget_bytes{mode="all"}=4400000000;ravel_memory_reserved_bytes{mode="all",component="sql"}=0;ravel_memory_reserved_bytes{mode="all",component="fetch"}=0;ravel_memory_handoff_overlap_bytes{mode="all"}=0
1791352772.087	1	3091832984	3117330432	5098844160	0	0	2691650939	0	0	4400000000	2691650939	2407193221	5095137280	5020356608	ravel_process_allocator_bytes{mode="all",allocator="jemalloc",stat="allocated"}=3091832984;ravel_process_allocator_bytes{mode="all",allocator="jemalloc",stat="active"}=3117330432;ravel_process_allocator_bytes{mode="all",allocator="jemalloc",stat="resident"}=5098844160;ravel_cache_resident_bytes{mode="all",cache="fetch"}=2691650939;ravel_cache_resident_bytes{mode="all",cache="catalog"}=0;ravel_memory_budget_bytes{mode="all"}=4400000000;ravel_memory_reserved_bytes{mode="all",component="sql"}=0;ravel_memory_reserved_bytes{mode="all",component="fetch"}=0;ravel_memory_handoff_overlap_bytes{mode="all"}=0
1791352777.087	1	3091854728	3117355008	5098844160	0	0	2691650939	0	0	4400000000	2691650939	2407193221	5095137280	5020356608	ravel_process_allocator_bytes{mode="all",allocator="jemalloc",stat="allocated"}=3091854728;ravel_process_allocator_bytes{mode="all",allocator="jemalloc",stat="active"}=3117355008;ravel_process_allocator_bytes{mode="all",allocator="jemalloc",stat="resident"}=5098844160;ravel_cache_resident_bytes{mode="all",cache="fetch"}=2691650939;ravel_cache_resident_bytes{mode="all",cache="catalog"}=0;ravel_memory_budget_bytes{mode="all"}=4400000000;ravel_memory_reserved_bytes{mode="all",component="sql"}=0;ravel_memory_reserved_bytes{mode="all",component="fetch"}=0;ravel_memory_handoff_overlap_bytes{mode="all"}=0
1791352782.087	1	3091850056	3117355008	5098844160	0	0	2691650939	0	0	4400000000	2691650939	2407193221	5095137280	5020356608	ravel_process_allocator_bytes{mode="all",allocator="jemalloc",stat="allocated"}=3091850056;ravel_process_allocator_bytes{mode="all",allocator="jemalloc",stat="active"}=3117355008;ravel_process_allocator_bytes{mode="all",allocator="jemalloc",stat="resident"}=5098844160;ravel_cache_resident_bytes{mode="all",cache="fetch"}=2691650939;ravel_cache_resident_bytes{mode="all",cache="catalog"}=0;ravel_memory_budget_bytes{mode="all"}=4400000000;ravel_memory_reserved_bytes{mode="all",component="sql"}=0;ravel_memory_reserved_bytes{mode="all",component="fetch"}=0;ravel_memory_handoff_overlap_bytes{mode="all"}=0
1791352787.087	1	3091858648	3117400064	5098844160	0	0	2691650939	0	0	4400000000	2691650939	2407193221	5095137280	5020356608	ravel_process_allocator_bytes{mode="all",allocator="jemalloc",stat="allocated"}=3091858648;ravel_process_allocator_bytes{mode="all",allocator="jemalloc",stat="active"}=3117400064;ravel_process_allocator_bytes{mode="all",allocator="jemalloc",stat="resident"}=5098844160;ravel_cache_resident_bytes{mode="all",cache="fetch"}=2691650939;ravel_cache_resident_bytes{mode="all",cache="catalog"}=0;ravel_memory_budget_bytes{mode="all"}=4400000000;ravel_memory_reserved_bytes{mode="all",component="sql"}=0;ravel_memory_reserved_bytes{mode="all",component="fetch"}=0;ravel_memory_handoff_overlap_bytes{mode="all"}=0
1791352792.087	1	3091832528	3117375488	5098844160	0	0	2691650939	0	0	4400000000	2691650939	2407193221	5095137280	5020356608	ravel_process_allocator_bytes{mode="all",allocator="jemalloc",stat="allocated"}=3091832528;ravel_process_allocator_bytes{mode="all",allocator="jemalloc",stat="active"}=3117375488;ravel_process_allocator_bytes{mode="all",allocator="jemalloc",stat="resident"}=5098844160;ravel_cache_resident_bytes{mode="all",cache="fetch"}=2691650939;ravel_cache_resident_bytes{mode="all",cache="catalog"}=0;ravel_memory_budget_bytes{mode="all"}=4400000000;ravel_memory_reserved_bytes{mode="all",component="sql"}=0;ravel_memory_reserved_bytes{mode="all",component="fetch"}=0;ravel_memory_handoff_overlap_bytes{mode="all"}=0
1791352797.087	1	3091842936	3117355008	5098844160	0	0	2691650939	0	0	4400000000	2691650939	2407193221	5095137280	5020356608	ravel_process_allocator_bytes{mode="all",allocator="jemalloc",stat="allocated"}=3091842936;ravel_process_allocator_bytes{mode="all",allocator="jemalloc",stat="active"}=3117355008;ravel_process_allocator_bytes{mode="all",allocator="jemalloc",stat="resident"}=5098844160;ravel_cache_resident_bytes{mode="all",cache="fetch"}=2691650939;ravel_cache_resident_bytes{mode="all",cache="catalog"}=0;ravel_memory_budget_bytes{mode="all"}=4400000000;ravel_memory_reserved_bytes{mode="all",component="sql"}=0;ravel_memory_reserved_bytes{mode="all",component="fetch"}=0;ravel_memory_handoff_overlap_bytes{mode="all"}=0
1791352802.087	1	3091853416	3117383680	5098844160	0	0	2691650939	0	0	4400000000	2691650939	2407193221	5095137280	5020356608	ravel_process_allocator_bytes{mode="all",allocator="jemalloc",stat="allocated"}=3091853416;ravel_process_allocator_bytes{mode="all",allocator="jemalloc",stat="active"}=3117383680;ravel_process_allocator_bytes{mode="all",allocator="jemalloc",stat="resident"}=5098844160;ravel_cache_resident_bytes{mode="all",cache="fetch"}=2691650939;ravel_cache_resident_bytes{mode="all",cache="catalog"}=0;ravel_memory_budget_bytes{mode="all"}=4400000000;ravel_memory_reserved_bytes{mode="all",component="sql"}=0;ravel_memory_reserved_bytes{mode="all",component="fetch"}=0;ravel_memory_handoff_overlap_bytes{mode="all"}=0
1791352807.087	1	3091837720	3117359104	5098844160	0	0	2691650939	0	0	4400000000	2691650939	2407193221	5095137280	5020356608	ravel_process_allocator_bytes{mode="all",allocator="jemalloc",stat="allocated"}=3091837720;ravel_process_allocator_bytes{mode="all",allocator="jemalloc",stat="active"}=3117359104;ravel_process_allocator_bytes{mode="all",allocator="jemalloc",stat="resident"}=5098844160;ravel_cache_resident_bytes{mode="all",cache="fetch"}=2691650939;ravel_cache_resident_bytes{mode="all",cache="catalog"}=0;ravel_memory_budget_bytes{mode="all"}=4400000000;ravel_memory_reserved_bytes{mode="all",component="sql"}=0;ravel_memory_reserved_bytes{mode="all",component="fetch"}=0;ravel_memory_handoff_overlap_bytes{mode="all"}=0
1791352812.087	1	3091853864	3117383680	5098844160	0	0	2691650939	0	0	4400000000	2691650939	2407193221	5095137280	5020356608	ravel_process_allocator_bytes{mode="all",allocator="jemalloc",stat="allocated"}=3091853864;ravel_process_allocator_bytes{mode="all",allocator="jemalloc",stat="active"}=3117383680;ravel_process_allocator_bytes{mode="all",allocator="jemalloc",stat="resident"}=5098844160;ravel_cache_resident_bytes{mode="all",cache="fetch"}=2691650939;ravel_cache_resident_bytes{mode="all",cache="catalog"}=0;ravel_memory_budget_bytes{mode="all"}=4400000000;ravel_memory_reserved_bytes{mode="all",component="sql"}=0;ravel_memory_reserved_bytes{mode="all",component="fetch"}=0;ravel_memory_handoff_overlap_bytes{mode="all"}=0
1791352817.087	1	3091836296	3117359104	5098844160	0	0	2691650939	0	0	4400000000	2691650939	2407193221	5095137280	5020356608	ravel_process_allocator_bytes{mode="all",allocator="jemalloc",stat="allocated"}=3091836296;ravel_process_allocator_bytes{mode="all",allocator="jemalloc",stat="active"}=3117359104;ravel_process_allocator_bytes{mode="all",allocator="jemalloc",stat="resident"}=5098844160;ravel_cache_resident_bytes{mode="all",cache="fetch"}=2691650939;ravel_cache_resident_bytes{mode="all",cache="catalog"}=0;ravel_memory_budget_bytes{mode="all"}=4400000000;ravel_memory_reserved_bytes{mode="all",component="sql"}=0;ravel_memory_reserved_bytes{mode="all",component="fetch"}=0;ravel_memory_handoff_overlap_bytes{mode="all"}=0
1791352822.087	1	3091847920	3117355008	5098844160	0	0	2691650939	0	0	4400000000	2691650939	2407193221	5095137280	5020356608	ravel_process_allocator_bytes{mode="all",allocator="jemalloc",stat="allocated"}=3091847920;ravel_process_allocator_bytes{mode="all",allocator="jemalloc",stat="active"}=3117355008;ravel_process_allocator_bytes{mode="all",allocator="jemalloc",stat="resident"}=5098844160;ravel_cache_resident_bytes{mode="all",cache="fetch"}=2691650939;ravel_cache_resident_bytes{mode="all",cache="catalog"}=0;ravel_memory_budget_bytes{mode="all"}=4400000000;ravel_memory_reserved_bytes{mode="all",component="sql"}=0;ravel_memory_reserved_bytes{mode="all",component="fetch"}=0;ravel_memory_handoff_overlap_bytes{mode="all"}=0
1791352827.087	1	3091860584	3117379584	5098844160	0	0	2691650939	0	0	4400000000	2691650939	2407193221	5095137280	5020356608	ravel_process_allocator_bytes{mode="all",allocator="jemalloc",stat="allocated"}=3091860584;ravel_process_allocator_bytes{mode="all",allocator="jemalloc",stat="active"}=3117379584;ravel_process_allocator_bytes{mode="all",allocator="jemalloc",stat="resident"}=5098844160;ravel_cache_resident_bytes{mode="all",cache="fetch"}=2691650939;ravel_cache_resident_bytes{mode="all",cache="catalog"}=0;ravel_memory_budget_bytes{mode="all"}=4400000000;ravel_memory_reserved_bytes{mode="all",component="sql"}=0;ravel_memory_reserved_bytes{mode="all",component="fetch"}=0;ravel_memory_handoff_overlap_bytes{mode="all"}=0
1791352832.087	1	3091890840	3117420544	5098844160	0	0	2691650939	0	0	4400000000	2691650939	2407193221	5095137280	5020356608	ravel_process_allocator_bytes{mode="all",allocator="jemalloc",stat="allocated"}=3091890840;ravel_process_allocator_bytes{mode="all",allocator="jemalloc",stat="active"}=3117420544;ravel_process_allocator_bytes{mode="all",allocator="jemalloc",stat="resident"}=5098844160;ravel_cache_resident_bytes{mode="all",cache="fetch"}=2691650939;ravel_cache_resident_bytes{mode="all",cache="catalog"}=0;ravel_memory_budget_bytes{mode="all"}=4400000000;ravel_memory_reserved_bytes{mode="all",component="sql"}=0;ravel_memory_reserved_bytes{mode="all",component="fetch"}=0;ravel_memory_handoff_overlap_bytes{mode="all"}=0
1791352837.087	1	3091894136	3117441024	5098844160	0	0	2691650939	0	0	4400000000	2691650939	2407193221	5095137280	5020356608	ravel_process_allocator_bytes{mode="all",allocator="jemalloc",stat="allocated"}=3091894136;ravel_process_allocator_bytes{mode="all",allocator="jemalloc",stat="active"}=3117441024;ravel_process_allocator_bytes{mode="all",allocator="jemalloc",stat="resident"}=5098844160;ravel_cache_resident_bytes{mode="all",cache="fetch"}=2691650939;ravel_cache_resident_bytes{mode="all",cache="catalog"}=0;ravel_memory_budget_bytes{mode="all"}=4400000000;ravel_memory_reserved_bytes{mode="all",component="sql"}=0;ravel_memory_reserved_bytes{mode="all",component="fetch"}=0;ravel_memory_handoff_overlap_bytes{mode="all"}=0
1791352842.087	1	3091909464	3117465600	5098844160	0	0	2691650939	0	0	4400000000	2691650939	2407193221	5095137280	5020356608	ravel_process_allocator_bytes{mode="all",allocator="jemalloc",stat="allocated"}=3091909464;ravel_process_allocator_bytes{mode="all",allocator="jemalloc",stat="active"}=3117465600;ravel_process_allocator_bytes{mode="all",allocator="jemalloc",stat="resident"}=5098844160;ravel_cache_resident_bytes{mode="all",cache="fetch"}=2691650939;ravel_cache_resident_bytes{mode="all",cache="catalog"}=0;ravel_memory_budget_bytes{mode="all"}=4400000000;ravel_memory_reserved_bytes{mode="all",component="sql"}=0;ravel_memory_reserved_bytes{mode="all",component="fetch"}=0;ravel_memory_handoff_overlap_bytes{mode="all"}=0
1791352847.087	1	3091889688	3117432832	5098844160	0	0	2691650939	0	0	4400000000	2691650939	2407193221	5095137280	5020356608	ravel_process_allocator_bytes{mode="all",allocator="jemalloc",stat="allocated"}=3091889688;ravel_process_allocator_bytes{mode="all",allocator="jemalloc",stat="active"}=3117432832;ravel_process_allocator_bytes{mode="all",allocator="jemalloc",stat="resident"}=5098844160;ravel_cache_resident_bytes{mode="all",cache="fetch"}=2691650939;ravel_cache_resident_bytes{mode="all",cache="catalog"}=0;ravel_memory_budget_bytes{mode="all"}=4400000000;ravel_memory_reserved_bytes{mode="all",component="sql"}=0;ravel_memory_reserved_bytes{mode="all",component="fetch"}=0;ravel_memory_handoff_overlap_bytes{mode="all"}=0
1791352852.087	1	3091884408	3117420544	5098844160	0	0	2691650939	0	0	4400000000	2691650939	2407193221	5095137280	5020356608	ravel_process_allocator_bytes{mode="all",allocator="jemalloc",stat="allocated"}=3091884408;ravel_process_allocator_bytes{mode="all",allocator="jemalloc",stat="active"}=3117420544;ravel_process_allocator_bytes{mode="all",allocator="jemalloc",stat="resident"}=5098844160;ravel_cache_resident_bytes{mode="all",cache="fetch"}=2691650939;ravel_cache_resident_bytes{mode="all",cache="catalog"}=0;ravel_memory_budget_bytes{mode="all"}=4400000000;ravel_memory_reserved_bytes{mode="all",component="sql"}=0;ravel_memory_reserved_bytes{mode="all",component="fetch"}=0;ravel_memory_handoff_overlap_bytes{mode="all"}=0
1791352857.087	1	3091899080	3117424640	5098844160	0	0	2691650939	0	0	4400000000	2691650939	2407193221	5095137280	5020356608	ravel_process_allocator_bytes{mode="all",allocator="jemalloc",stat="allocated"}=3091899080;ravel_process_allocator_bytes{mode="all",allocator="jemalloc",stat="active"}=3117424640;ravel_process_allocator_bytes{mode="all",allocator="jemalloc",stat="resident"}=5098844160;ravel_cache_resident_bytes{mode="all",cache="fetch"}=2691650939;ravel_cache_resident_bytes{mode="all",cache="catalog"}=0;ravel_memory_budget_bytes{mode="all"}=4400000000;ravel_memory_reserved_bytes{mode="all",component="sql"}=0;ravel_memory_reserved_bytes{mode="all",component="fetch"}=0;ravel_memory_handoff_overlap_bytes{mode="all"}=0
1791352862.087	1	3091889264	3117420544	5098844160	0	0	2691650939	0	0	4400000000	2691650939	2407193221	5095137280	5020356608	ravel_process_allocator_bytes{mode="all",allocator="jemalloc",stat="allocated"}=3091889264;ravel_process_allocator_bytes{mode="all",allocator="jemalloc",stat="active"}=3117420544;ravel_process_allocator_bytes{mode="all",allocator="jemalloc",stat="resident"}=5098844160;ravel_cache_resident_bytes{mode="all",cache="fetch"}=2691650939;ravel_cache_resident_bytes{mode="all",cache="catalog"}=0;ravel_memory_budget_bytes{mode="all"}=4400000000;ravel_memory_reserved_bytes{mode="all",component="sql"}=0;ravel_memory_reserved_bytes{mode="all",component="fetch"}=0;ravel_memory_handoff_overlap_bytes{mode="all"}=0
1791352867.087	1	3091895768	3117400064	5098844160	0	0	2691650939	0	0	4400000000	2691650939	2407193221	5095137280	5020356608	ravel_process_allocator_bytes{mode="all",allocator="jemalloc",stat="allocated"}=3091895768;ravel_process_allocator_bytes{mode="all",allocator="jemalloc",stat="active"}=3117400064;ravel_process_allocator_bytes{mode="all",allocator="jemalloc",stat="resident"}=5098844160;ravel_cache_resident_bytes{mode="all",cache="fetch"}=2691650939;ravel_cache_resident_bytes{mode="all",cache="catalog"}=0;ravel_memory_budget_bytes{mode="all"}=4400000000;ravel_memory_reserved_bytes{mode="all",component="sql"}=0;ravel_memory_reserved_bytes{mode="all",component="fetch"}=0;ravel_memory_handoff_overlap_bytes{mode="all"}=0
1791352872.087	1	3091903448	3117400064	5098844160	0	0	2691650939	0	0	4400000000	2691650939	2407193221	5095137280	5020356608	ravel_process_allocator_bytes{mode="all",allocator="jemalloc",stat="allocated"}=3091903448;ravel_process_allocator_bytes{mode="all",allocator="jemalloc",stat="active"}=3117400064;ravel_process_allocator_bytes{mode="all",allocator="jemalloc",stat="resident"}=5098844160;ravel_cache_resident_bytes{mode="all",cache="fetch"}=2691650939;ravel_cache_resident_bytes{mode="all",cache="catalog"}=0;ravel_memory_budget_bytes{mode="all"}=4400000000;ravel_memory_reserved_bytes{mode="all",component="sql"}=0;ravel_memory_reserved_bytes{mode="all",component="fetch"}=0;ravel_memory_handoff_overlap_bytes{mode="all"}=0
1791352877.087	1	3091875928	3117375488	5098844160	0	0	2691650939	0	0	4400000000	2691650939	2407193221	5095137280	5020356608	ravel_process_allocator_bytes{mode="all",allocator="jemalloc",stat="allocated"}=3091875928;ravel_process_allocator_bytes{mode="all",allocator="jemalloc",stat="active"}=3117375488;ravel_process_allocator_bytes{mode="all",allocator="jemalloc",stat="resident"}=5098844160;ravel_cache_resident_bytes{mode="all",cache="fetch"}=2691650939;ravel_cache_resident_bytes{mode="all",cache="catalog"}=0;ravel_memory_budget_bytes{mode="all"}=4400000000;ravel_memory_reserved_bytes{mode="all",component="sql"}=0;ravel_memory_reserved_bytes{mode="all",component="fetch"}=0;ravel_memory_handoff_overlap_bytes{mode="all"}=0
1791352882.087	1	3091888904	3117391872	5098844160	0	0	2691650939	0	0	4400000000	2691650939	2407193221	5095137280	5020356608	ravel_process_allocator_bytes{mode="all",allocator="jemalloc",stat="allocated"}=3091888904;ravel_process_allocator_bytes{mode="all",allocator="jemalloc",stat="active"}=3117391872;ravel_process_allocator_bytes{mode="all",allocator="jemalloc",stat="resident"}=5098844160;ravel_cache_resident_bytes{mode="all",cache="fetch"}=2691650939;ravel_cache_resident_bytes{mode="all",cache="catalog"}=0;ravel_memory_budget_bytes{mode="all"}=4400000000;ravel_memory_reserved_bytes{mode="all",component="sql"}=0;ravel_memory_reserved_bytes{mode="all",component="fetch"}=0;ravel_memory_handoff_overlap_bytes{mode="all"}=0
1791352887.087	1	3091895416	3117416448	5098844160	0	0	2691650939	0	0	4400000000	2691650939	2407193221	5095137280	5020356608	ravel_process_allocator_bytes{mode="all",allocator="jemalloc",stat="allocated"}=3091895416;ravel_process_allocator_bytes{mode="all",allocator="jemalloc",stat="active"}=3117416448;ravel_process_allocator_bytes{mode="all",allocator="jemalloc",stat="resident"}=5098844160;ravel_cache_resident_bytes{mode="all",cache="fetch"}=2691650939;ravel_cache_resident_bytes{mode="all",cache="catalog"}=0;ravel_memory_budget_bytes{mode="all"}=4400000000;ravel_memory_reserved_bytes{mode="all",component="sql"}=0;ravel_memory_reserved_bytes{mode="all",component="fetch"}=0;ravel_memory_handoff_overlap_bytes{mode="all"}=0
1791352892.087	1	3091803800	3117281280	5098844160	0	0	2691650939	0	0	4400000000	2691650939	2407193221	5095137280	5020356608	ravel_process_allocator_bytes{mode="all",allocator="jemalloc",stat="allocated"}=3091803800;ravel_process_allocator_bytes{mode="all",allocator="jemalloc",stat="active"}=3117281280;ravel_process_allocator_bytes{mode="all",allocator="jemalloc",stat="resident"}=5098844160;ravel_cache_resident_bytes{mode="all",cache="fetch"}=2691650939;ravel_cache_resident_bytes{mode="all",cache="catalog"}=0;ravel_memory_budget_bytes{mode="all"}=4400000000;ravel_memory_reserved_bytes{mode="all",component="sql"}=0;ravel_memory_reserved_bytes{mode="all",component="fetch"}=0;ravel_memory_handoff_overlap_bytes{mode="all"}=0
1791352897.087	1	3091813688	3117330432	5098844160	0	0	2691650939	0	0	4400000000	2691650939	2407193221	5095137280	5020356608	ravel_process_allocator_bytes{mode="all",allocator="jemalloc",stat="allocated"}=3091813688;ravel_process_allocator_bytes{mode="all",allocator="jemalloc",stat="active"}=3117330432;ravel_process_allocator_bytes{mode="all",allocator="jemalloc",stat="resident"}=5098844160;ravel_cache_resident_bytes{mode="all",cache="fetch"}=2691650939;ravel_cache_resident_bytes{mode="all",cache="catalog"}=0;ravel_memory_budget_bytes{mode="all"}=4400000000;ravel_memory_reserved_bytes{mode="all",component="sql"}=0;ravel_memory_reserved_bytes{mode="all",component="fetch"}=0;ravel_memory_handoff_overlap_bytes{mode="all"}=0
1791352902.087	1	3091817720	3117322240	5098844160	0	0	2691650939	0	0	4400000000	2691650939	2407193221	5095137280	5020356608	ravel_process_allocator_bytes{mode="all",allocator="jemalloc",stat="allocated"}=3091817720;ravel_process_allocator_bytes{mode="all",allocator="jemalloc",stat="active"}=3117322240;ravel_process_allocator_bytes{mode="all",allocator="jemalloc",stat="resident"}=5098844160;ravel_cache_resident_bytes{mode="all",cache="fetch"}=2691650939;ravel_cache_resident_bytes{mode="all",cache="catalog"}=0;ravel_memory_budget_bytes{mode="all"}=4400000000;ravel_memory_reserved_bytes{mode="all",component="sql"}=0;ravel_memory_reserved_bytes{mode="all",component="fetch"}=0;ravel_memory_handoff_overlap_bytes{mode="all"}=0
1791352907.087	1	3091824736	3117342720	5098844160	0	0	2691650939	0	0	4400000000	2691650939	2407193221	5095137280	5020356608	ravel_process_allocator_bytes{mode="all",allocator="jemalloc",stat="allocated"}=3091824736;ravel_process_allocator_bytes{mode="all",allocator="jemalloc",stat="active"}=3117342720;ravel_process_allocator_bytes{mode="all",allocator="jemalloc",stat="resident"}=5098844160;ravel_cache_resident_bytes{mode="all",cache="fetch"}=2691650939;ravel_cache_resident_bytes{mode="all",cache="catalog"}=0;ravel_memory_budget_bytes{mode="all"}=4400000000;ravel_memory_reserved_bytes{mode="all",component="sql"}=0;ravel_memory_reserved_bytes{mode="all",component="fetch"}=0;ravel_memory_handoff_overlap_bytes{mode="all"}=0
1791352912.087	1	3091809544	3117293568	5098844160	0	0	2691650939	0	0	4400000000	2691650939	2407193221	5095137280	5020356608	ravel_process_allocator_bytes{mode="all",allocator="jemalloc",stat="allocated"}=3091809544;ravel_process_allocator_bytes{mode="all",allocator="jemalloc",stat="active"}=3117293568;ravel_process_allocator_bytes{mode="all",allocator="jemalloc",stat="resident"}=5098844160;ravel_cache_resident_bytes{mode="all",cache="fetch"}=2691650939;ravel_cache_resident_bytes{mode="all",cache="catalog"}=0;ravel_memory_budget_bytes{mode="all"}=4400000000;ravel_memory_reserved_bytes{mode="all",component="sql"}=0;ravel_memory_reserved_bytes{mode="all",component="fetch"}=0;ravel_memory_handoff_overlap_bytes{mode="all"}=0
1791352917.087	1	3091855872	3117342720	5098844160	0	0	2691650939	0	0	4400000000	2691650939	2407193221	5095137280	5020356608	ravel_process_allocator_bytes{mode="all",allocator="jemalloc",stat="allocated"}=3091855872;ravel_process_allocator_bytes{mode="all",allocator="jemalloc",stat="active"}=3117342720;ravel_process_allocator_bytes{mode="all",allocator="jemalloc",stat="resident"}=5098844160;ravel_cache_resident_bytes{mode="all",cache="fetch"}=2691650939;ravel_cache_resident_bytes{mode="all",cache="catalog"}=0;ravel_memory_budget_bytes{mode="all"}=4400000000;ravel_memory_reserved_bytes{mode="all",component="sql"}=0;ravel_memory_reserved_bytes{mode="all",component="fetch"}=0;ravel_memory_handoff_overlap_bytes{mode="all"}=0
