unix_ts	ok	allocated	active	resident	sql_reserved	fetch_reserved	fetch_cache_resident	catalog_cache_resident	handoff_overlap	budget_limit	accounted	gap	vmrss_bytes	rssanon_bytes	bg_thread	raw_series
1791434247.239	1	4324088	5124096	12787712	0	0	0	0	0	4400000000	0	12787712	41013248	8863744	1	ravel_process_allocator_bytes{mode="all",allocator="jemalloc",stat="allocated"}=4324088;ravel_process_allocator_bytes{mode="all",allocator="jemalloc",stat="active"}=5124096;ravel_process_allocator_bytes{mode="all",allocator="jemalloc",stat="resident"}=12787712;ravel_process_allocator_background_thread{mode="all",allocator="jemalloc"}=1;ravel_cache_resident_bytes{mode="all",cache="fetch"}=0;ravel_cache_resident_bytes{mode="all",cache="catalog"}=0;ravel_memory_budget_bytes{mode="all"}=4400000000;ravel_memory_reserved_bytes{mode="all",component="sql"}=0;ravel_memory_reserved_bytes{mode="all",component="fetch"}=0;ravel_memory_handoff_overlap_bytes{mode="all"}=0
1791434252.239	1	4586832	5423104	13352960	0	0	0	0	0	4400000000	0	13352960	41590784	9224192	1	ravel_process_allocator_bytes{mode="all",allocator="jemalloc",stat="allocated"}=4586832;ravel_process_allocator_bytes{mode="all",allocator="jemalloc",stat="active"}=5423104;ravel_process_allocator_bytes{mode="all",allocator="jemalloc",stat="resident"}=13352960;ravel_process_allocator_background_thread{mode="all",allocator="jemalloc"}=1;ravel_cache_resident_bytes{mode="all",cache="fetch"}=0;ravel_cache_resident_bytes{mode="all",cache="catalog"}=0;ravel_memory_budget_bytes{mode="all"}=4400000000;ravel_memory_reserved_bytes{mode="all",component="sql"}=0;ravel_memory_reserved_bytes{mode="all",component="fetch"}=0;ravel_memory_handoff_overlap_bytes{mode="all"}=0
1791434257.239	1	4597520	5435392	13606912	0	0	0	0	0	4400000000	0	13606912	42008576	9465856	1	ravel_process_allocator_bytes{mode="all",allocator="jemalloc",stat="allocated"}=4597520;ravel_process_allocator_bytes{mode="all",allocator="jemalloc",stat="active"}=5435392;ravel_process_allocator_bytes{mode="all",allocator="jemalloc",stat="resident"}=13606912;ravel_process_allocator_background_thread{mode="all",allocator="jemalloc"}=1;ravel_cache_resident_bytes{mode="all",cache="fetch"}=0;ravel_cache_resident_bytes{mode="all",cache="catalog"}=0;ravel_memory_budget_bytes{mode="all"}=4400000000;ravel_memory_reserved_bytes{mode="all",component="sql"}=0;ravel_memory_reserved_bytes{mode="all",component="fetch"}=0;ravel_memory_handoff_overlap_bytes{mode="all"}=0
1791434262.239	1	4546960	5484544	13606912	0	0	0	0	0	4400000000	0	13606912	42008576	9465856	1	ravel_process_allocator_bytes{mode="all",allocator="jemalloc",stat="allocated"}=4546960;ravel_process_allocator_bytes{mode="all",allocator="jemalloc",stat="active"}=5484544;ravel_process_allocator_bytes{mode="all",allocator="jemalloc",stat="resident"}=13606912;ravel_process_allocator_background_thread{mode="all",allocator="jemalloc"}=1;ravel_cache_resident_bytes{mode="all",cache="fetch"}=0;ravel_cache_resident_bytes{mode="all",cache="catalog"}=0;ravel_memory_budget_bytes{mode="all"}=4400000000;ravel_memory_reserved_bytes{mode="all",component="sql"}=0;ravel_memory_reserved_bytes{mode="all",component="fetch"}=0;ravel_memory_handoff_overlap_bytes{mode="all"}=0
1791434267.239	1	4865816	5840896	12529664	0	0	0	0	0	4400000000	0	12529664	41414656	8871936	1	ravel_process_allocator_bytes{mode="all",allocator="jemalloc",stat="allocated"}=4865816;ravel_process_allocator_bytes{mode="all",allocator="jemalloc",stat="active"}=5840896;ravel_process_allocator_bytes{mode="all",allocator="jemalloc",stat="resident"}=12529664;ravel_process_allocator_background_thread{mode="all",allocator="jemalloc"}=1;ravel_cache_resident_bytes{mode="all",cache="fetch"}=0;ravel_cache_resident_bytes{mode="all",cache="catalog"}=0;ravel_memory_budget_bytes{mode="all"}=4400000000;ravel_memory_reserved_bytes{mode="all",component="sql"}=0;ravel_memory_reserved_bytes{mode="all",component="fetch"}=0;ravel_memory_handoff_overlap_bytes{mode="all"}=0
1791434272.239	1	4873472	5894144	12861440	0	0	0	0	0	4400000000	0	12861440	41734144	9191424	1	ravel_process_allocator_bytes{mode="all",allocator="jemalloc",stat="allocated"}=4873472;ravel_process_allocator_bytes{mode="all",allocator="jemalloc",stat="active"}=5894144;ravel_process_allocator_bytes{mode="all",allocator="jemalloc",stat="resident"}=12861440;ravel_process_allocator_background_thread{mode="all",allocator="jemalloc"}=1;ravel_cache_resident_bytes{mode="all",cache="fetch"}=0;ravel_cache_resident_bytes{mode="all",cache="catalog"}=0;ravel_memory_budget_bytes{mode="all"}=4400000000;ravel_memory_reserved_bytes{mode="all",component="sql"}=0;ravel_memory_reserved_bytes{mode="all",component="fetch"}=0;ravel_memory_handoff_overlap_bytes{mode="all"}=0
1791434277.239	1	4879832	5976064	13197312	0	0	0	0	0	4400000000	0	13197312	42115072	9441280	1	ravel_process_allocator_bytes{mode="all",allocator="jemalloc",stat="allocated"}=4879832;ravel_process_allocator_bytes{mode="all",allocator="jemalloc",stat="active"}=5976064;ravel_process_allocator_bytes{mode="all",allocator="jemalloc",stat="resident"}=13197312;ravel_process_allocator_background_thread{mode="all",allocator="jemalloc"}=1;ravel_cache_resident_bytes{mode="all",cache="fetch"}=0;ravel_cache_resident_bytes{mode="all",cache="catalog"}=0;ravel_memory_budget_bytes{mode="all"}=4400000000;ravel_memory_reserved_bytes{mode="all",component="sql"}=0;ravel_memory_reserved_bytes{mode="all",component="fetch"}=0;ravel_memory_handoff_overlap_bytes{mode="all"}=0
1791434282.239	1	4823928	5955584	13328384	0	0	0	0	0	4400000000	0	13328384	42196992	9523200	1	ravel_process_allocator_bytes{mode="all",allocator="jemalloc",stat="allocated"}=4823928;ravel_process_allocator_bytes{mode="all",allocator="jemalloc",stat="active"}=5955584;ravel_process_allocator_bytes{mode="all",allocator="jemalloc",stat="resident"}=13328384;ravel_process_allocator_background_thread{mode="all",allocator="jemalloc"}=1;ravel_cache_resident_bytes{mode="all",cache="fetch"}=0;ravel_cache_resident_bytes{mode="all",cache="catalog"}=0;ravel_memory_budget_bytes{mode="all"}=4400000000;ravel_memory_reserved_bytes{mode="all",component="sql"}=0;ravel_memory_reserved_bytes{mode="all",component="fetch"}=0;ravel_memory_handoff_overlap_bytes{mode="all"}=0
1791434287.239	1	4802448	5935104	13262848	0	0	0	0	0	4400000000	0	13262848	42176512	9502720	1	ravel_process_allocator_bytes{mode="all",allocator="jemalloc",stat="allocated"}=4802448;ravel_process_allocator_bytes{mode="all",allocator="jemalloc",stat="active"}=5935104;ravel_process_allocator_bytes{mode="all",allocator="jemalloc",stat="resident"}=13262848;ravel_process_allocator_background_thread{mode="all",allocator="jemalloc"}=1;ravel_cache_resident_bytes{mode="all",cache="fetch"}=0;ravel_cache_resident_bytes{mode="all",cache="catalog"}=0;ravel_memory_budget_bytes{mode="all"}=4400000000;ravel_memory_reserved_bytes{mode="all",component="sql"}=0;ravel_memory_reserved_bytes{mode="all",component="fetch"}=0;ravel_memory_handoff_overlap_bytes{mode="all"}=0
1791434292.240	1	329921152	342302720	1212223488	130796352	8353998	137694849	0	8353998	4400000000	276845199	935378289	1210720256	1129353216	1	ravel_process_allocator_bytes{mode="all",allocator="jemalloc",stat="allocated"}=329921152;ravel_process_allocator_bytes{mode="all",allocator="jemalloc",stat="active"}=342302720;ravel_process_allocator_bytes{mode="all",allocator="jemalloc",stat="resident"}=1212223488;ravel_process_allocator_background_thread{mode="all",allocator="jemalloc"}=1;ravel_cache_resident_bytes{mode="all",cache="fetch"}=137694849;ravel_cache_resident_bytes{mode="all",cache="catalog"}=0;ravel_memory_budget_bytes{mode="all"}=4400000000;ravel_memory_reserved_bytes{mode="all",component="sql"}=130796352;ravel_memory_reserved_bytes{mode="all",component="fetch"}=8353998;ravel_memory_handoff_overlap_bytes{mode="all"}=8353998
1791434297.240	1	2202397936	2220412928	3647819776	296817	364161424	1213908950	0	364161424	4400000000	1578367191	2069452585	3603144704	3520548864	1	ravel_process_allocator_bytes{mode="all",allocator="jemalloc",stat="allocated"}=2202397936;ravel_process_allocator_bytes{mode="all",allocator="jemalloc",stat="active"}=2220412928;ravel_process_allocator_bytes{mode="all",allocator="jemalloc",stat="resident"}=3647819776;ravel_process_allocator_background_thread{mode="all",allocator="jemalloc"}=1;ravel_cache_resident_bytes{mode="all",cache="fetch"}=1213908950;ravel_cache_resident_bytes{mode="all",cache="catalog"}=0;ravel_memory_budget_bytes{mode="all"}=4400000000;ravel_memory_reserved_bytes{mode="all",component="sql"}=296817;ravel_memory_reserved_bytes{mode="all",component="fetch"}=364161424;ravel_memory_handoff_overlap_bytes{mode="all"}=364161424
1791434302.239	1	3354243616	3383545856	4300439552	210658066	166528153	2596409248	0	166528153	4400000000	2973595467	1326844085	4406571008	4322209792	1	ravel_process_allocator_bytes{mode="all",allocator="jemalloc",stat="allocated"}=3354243616;ravel_process_allocator_bytes{mode="all",allocator="jemalloc",stat="active"}=3383545856;ravel_process_allocator_bytes{mode="all",allocator="jemalloc",stat="resident"}=4300439552;ravel_process_allocator_background_thread{mode="all",allocator="jemalloc"}=1;ravel_cache_resident_bytes{mode="all",cache="fetch"}=2596409248;ravel_cache_resident_bytes{mode="all",cache="catalog"}=0;ravel_memory_budget_bytes{mode="all"}=4400000000;ravel_memory_reserved_bytes{mode="all",component="sql"}=210658066;ravel_memory_reserved_bytes{mode="all",component="fetch"}=166528153;ravel_memory_handoff_overlap_bytes{mode="all"}=166528153
1791434307.241	1	3671667560	3698241536	6584557568	671722170	152954259	2621485852	0	152954259	4400000000	3446162281	3138395287	6303305728	6218575872	1	ravel_process_allocator_bytes{mode="all",allocator="jemalloc",stat="allocated"}=3671667560;ravel_process_allocator_bytes{mode="all",allocator="jemalloc",stat="active"}=3698241536;ravel_process_allocator_bytes{mode="all",allocator="jemalloc",stat="resident"}=6584557568;ravel_process_allocator_background_thread{mode="all",allocator="jemalloc"}=1;ravel_cache_resident_bytes{mode="all",cache="fetch"}=2621485852;ravel_cache_resident_bytes{mode="all",cache="catalog"}=0;ravel_memory_budget_bytes{mode="all"}=4400000000;ravel_memory_reserved_bytes{mode="all",component="sql"}=671722170;ravel_memory_reserved_bytes{mode="all",component="fetch"}=152954259;ravel_memory_handoff_overlap_bytes{mode="all"}=152954259
1791434312.239	1	2670424616	2695446528	4079357952	0	72245	2621485852	0	72245	4400000000	2621558097	1457799855	4141142016	4055752704	1	ravel_process_allocator_bytes{mode="all",allocator="jemalloc",stat="allocated"}=2670424616;ravel_process_allocator_bytes{mode="all",allocator="jemalloc",stat="active"}=2695446528;ravel_process_allocator_bytes{mode="all",allocator="jemalloc",stat="resident"}=4079357952;ravel_process_allocator_background_thread{mode="all",allocator="jemalloc"}=1;ravel_cache_resident_bytes{mode="all",cache="fetch"}=2621485852;ravel_cache_resident_bytes{mode="all",cache="catalog"}=0;ravel_memory_budget_bytes{mode="all"}=4400000000;ravel_memory_reserved_bytes{mode="all",component="sql"}=0;ravel_memory_reserved_bytes{mode="all",component="fetch"}=72245;ravel_memory_handoff_overlap_bytes{mode="all"}=72245
1791434317.240	1	5563846984	5609361408	10223087616	1960281894	211588167	2639950530	0	211588167	4400000000	4811820591	5411267025	8749780992	8664326144	1	ravel_process_allocator_bytes{mode="all",allocator="jemalloc",stat="allocated"}=5563846984;ravel_process_allocator_bytes{mode="all",allocator="jemalloc",stat="active"}=5609361408;ravel_process_allocator_bytes{mode="all",allocator="jemalloc",stat="resident"}=10223087616;ravel_process_allocator_background_thread{mode="all",allocator="jemalloc"}=1;ravel_cache_resident_bytes{mode="all",cache="fetch"}=2639950530;ravel_cache_resident_bytes{mode="all",cache="catalog"}=0;ravel_memory_budget_bytes{mode="all"}=4400000000;ravel_memory_reserved_bytes{mode="all",component="sql"}=1960281894;ravel_memory_reserved_bytes{mode="all",component="fetch"}=211588167;ravel_memory_handoff_overlap_bytes{mode="all"}=211588167
1791434322.239	1	6131065264	6170845184	8486203392	2760171316	205233686	2639950530	0	205233686	4400000000	5605355532	2880847860	8197705728	8112250880	1	ravel_process_allocator_bytes{mode="all",allocator="jemalloc",stat="allocated"}=6131065264;ravel_process_allocator_bytes{mode="all",allocator="jemalloc",stat="active"}=6170845184;ravel_process_allocator_bytes{mode="all",allocator="jemalloc",stat="resident"}=8486203392;ravel_process_allocator_background_thread{mode="all",allocator="jemalloc"}=1;ravel_cache_resident_bytes{mode="all",cache="fetch"}=2639950530;ravel_cache_resident_bytes{mode="all",cache="catalog"}=0;ravel_memory_budget_bytes{mode="all"}=4400000000;ravel_memory_reserved_bytes{mode="all",component="sql"}=2760171316;ravel_memory_reserved_bytes{mode="all",component="fetch"}=205233686;ravel_memory_handoff_overlap_bytes{mode="all"}=205233686
1791434327.240	1	5772792728	5808934912	9171062784	1530578261	204792924	2639950530	0	204792924	4400000000	4375321715	4795741069	8784629760	8699174912	1	ravel_process_allocator_bytes{mode="all",allocator="jemalloc",stat="allocated"}=5772792728;ravel_process_allocator_bytes{mode="all",allocator="jemalloc",stat="active"}=5808934912;ravel_process_allocator_bytes{mode="all",allocator="jemalloc",stat="resident"}=9171062784;ravel_process_allocator_background_thread{mode="all",allocator="jemalloc"}=1;ravel_cache_resident_bytes{mode="all",cache="fetch"}=2639950530;ravel_cache_resident_bytes{mode="all",cache="catalog"}=0;ravel_memory_budget_bytes{mode="all"}=4400000000;ravel_memory_reserved_bytes{mode="all",component="sql"}=1530578261;ravel_memory_reserved_bytes{mode="all",component="fetch"}=204792924;ravel_memory_handoff_overlap_bytes{mode="all"}=204792924
1791434332.240	1	5283578952	5323685888	9288302592	1984549529	72611434	2639950530	0	72611434	4400000000	4697111493	4591191099	8842354688	8756899840	1	ravel_process_allocator_bytes{mode="all",allocator="jemalloc",stat="allocated"}=5283578952;ravel_process_allocator_bytes{mode="all",allocator="jemalloc",stat="active"}=5323685888;ravel_process_allocator_bytes{mode="all",allocator="jemalloc",stat="resident"}=9288302592;ravel_process_allocator_background_thread{mode="all",allocator="jemalloc"}=1;ravel_cache_resident_bytes{mode="all",cache="fetch"}=2639950530;ravel_cache_resident_bytes{mode="all",cache="catalog"}=0;ravel_memory_budget_bytes{mode="all"}=4400000000;ravel_memory_reserved_bytes{mode="all",component="sql"}=1984549529;ravel_memory_reserved_bytes{mode="all",component="fetch"}=72611434;ravel_memory_handoff_overlap_bytes{mode="all"}=72611434
1791434337.240	1	6058241592	6101737472	9289445376	2170964139	310022280	2639950530	0	310022280	4400000000	5120936949	4168508427	8670429184	8584974336	1	ravel_process_allocator_bytes{mode="all",allocator="jemalloc",stat="allocated"}=6058241592;ravel_process_allocator_bytes{mode="all",allocator="jemalloc",stat="active"}=6101737472;ravel_process_allocator_bytes{mode="all",allocator="jemalloc",stat="resident"}=9289445376;ravel_process_allocator_background_thread{mode="all",allocator="jemalloc"}=1;ravel_cache_resident_bytes{mode="all",cache="fetch"}=2639950530;ravel_cache_resident_bytes{mode="all",cache="catalog"}=0;ravel_memory_budget_bytes{mode="all"}=4400000000;ravel_memory_reserved_bytes{mode="all",component="sql"}=2170964139;ravel_memory_reserved_bytes{mode="all",component="fetch"}=310022280;ravel_memory_handoff_overlap_bytes{mode="all"}=310022280
1791434342.239	1	3361340120	3400388608	7925022720	471522271	135440704	2639950530	0	135440704	4400000000	3246913505	4678109215	7733882880	7648428032	1	ravel_process_allocator_bytes{mode="all",allocator="jemalloc",stat="allocated"}=3361340120;ravel_process_allocator_bytes{mode="all",allocator="jemalloc",stat="active"}=3400388608;ravel_process_allocator_bytes{mode="all",allocator="jemalloc",stat="resident"}=7925022720;ravel_process_allocator_background_thread{mode="all",allocator="jemalloc"}=1;ravel_cache_resident_bytes{mode="all",cache="fetch"}=2639950530;ravel_cache_resident_bytes{mode="all",cache="catalog"}=0;ravel_memory_budget_bytes{mode="all"}=4400000000;ravel_memory_reserved_bytes{mode="all",component="sql"}=471522271;ravel_memory_reserved_bytes{mode="all",component="fetch"}=135440704;ravel_memory_handoff_overlap_bytes{mode="all"}=135440704
1791434347.239	1	4482388512	4520906752	8124915712	533569069	244254080	2639950530	0	244254080	4400000000	3417773679	4707142033	7775825920	7690371072	1	ravel_process_allocator_bytes{mode="all",allocator="jemalloc",stat="allocated"}=4482388512;ravel_process_allocator_bytes{mode="all",allocator="jemalloc",stat="active"}=4520906752;ravel_process_allocator_bytes{mode="all",allocator="jemalloc",stat="resident"}=8124915712;ravel_process_allocator_background_thread{mode="all",allocator="jemalloc"}=1;ravel_cache_resident_bytes{mode="all",cache="fetch"}=2639950530;ravel_cache_resident_bytes{mode="all",cache="catalog"}=0;ravel_memory_budget_bytes{mode="all"}=4400000000;ravel_memory_reserved_bytes{mode="all",component="sql"}=533569069;ravel_memory_reserved_bytes{mode="all",component="fetch"}=244254080;ravel_memory_handoff_overlap_bytes{mode="all"}=244254080
1791434352.239	1	5172726832	5211312128	7906287616	2075918904	164821689	2668574020	0	164821689	4400000000	4909314613	2996973003	7872962560	7787507712	1	ravel_process_allocator_bytes{mode="all",allocator="jemalloc",stat="allocated"}=5172726832;ravel_process_allocator_bytes{mode="all",allocator="jemalloc",stat="active"}=5211312128;ravel_process_allocator_bytes{mode="all",allocator="jemalloc",stat="resident"}=7906287616;ravel_process_allocator_background_thread{mode="all",allocator="jemalloc"}=1;ravel_cache_resident_bytes{mode="all",cache="fetch"}=2668574020;ravel_cache_resident_bytes{mode="all",cache="catalog"}=0;ravel_memory_budget_bytes{mode="all"}=4400000000;ravel_memory_reserved_bytes{mode="all",component="sql"}=2075918904;ravel_memory_reserved_bytes{mode="all",component="fetch"}=164821689;ravel_memory_handoff_overlap_bytes{mode="all"}=164821689
1791434357.240	1	5998735296	6059642880	9028698112	1789236018	296146271	2668574020	0	296146271	4400000000	4753956309	4274741803	8238288896	8152834048	1	ravel_process_allocator_bytes{mode="all",allocator="jemalloc",stat="allocated"}=5998735296;ravel_process_allocator_bytes{mode="all",allocator="jemalloc",stat="active"}=6059642880;ravel_process_allocator_bytes{mode="all",allocator="jemalloc",stat="resident"}=9028698112;ravel_process_allocator_background_thread{mode="all",allocator="jemalloc"}=1;ravel_cache_resident_bytes{mode="all",cache="fetch"}=2668574020;ravel_cache_resident_bytes{mode="all",cache="catalog"}=0;ravel_memory_budget_bytes{mode="all"}=4400000000;ravel_memory_reserved_bytes{mode="all",component="sql"}=1789236018;ravel_memory_reserved_bytes{mode="all",component="fetch"}=296146271;ravel_memory_handoff_overlap_bytes{mode="all"}=296146271
1791434362.240	1	4386147704	4423757824	8168009728	1110417951	104647246	2668574020	0	104647246	4400000000	3883639217	4284370511	7949656064	7864201216	1	ravel_process_allocator_bytes{mode="all",allocator="jemalloc",stat="allocated"}=4386147704;ravel_process_allocator_bytes{mode="all",allocator="jemalloc",stat="active"}=4423757824;ravel_process_allocator_bytes{mode="all",allocator="jemalloc",stat="resident"}=8168009728;ravel_process_allocator_background_thread{mode="all",allocator="jemalloc"}=1;ravel_cache_resident_bytes{mode="all",cache="fetch"}=2668574020;ravel_cache_resident_bytes{mode="all",cache="catalog"}=0;ravel_memory_budget_bytes{mode="all"}=4400000000;ravel_memory_reserved_bytes{mode="all",component="sql"}=1110417951;ravel_memory_reserved_bytes{mode="all",component="fetch"}=104647246;ravel_memory_handoff_overlap_bytes{mode="all"}=104647246
1791434367.240	1	4884460264	4924272640	7649341440	1839840000	35800950	2668574020	0	35800950	4400000000	4544214970	3105126470	7376887808	7291432960	1	ravel_process_allocator_bytes{mode="all",allocator="jemalloc",stat="allocated"}=4884460264;ravel_process_allocator_bytes{mode="all",allocator="jemalloc",stat="active"}=4924272640;ravel_process_allocator_bytes{mode="all",allocator="jemalloc",stat="resident"}=7649341440;ravel_process_allocator_background_thread{mode="all",allocator="jemalloc"}=1;ravel_cache_resident_bytes{mode="all",cache="fetch"}=2668574020;ravel_cache_resident_bytes{mode="all",cache="catalog"}=0;ravel_memory_budget_bytes{mode="all"}=4400000000;ravel_memory_reserved_bytes{mode="all",component="sql"}=1839840000;ravel_memory_reserved_bytes{mode="all",component="fetch"}=35800950;ravel_memory_handoff_overlap_bytes{mode="all"}=35800950
1791434372.240	1	6107398936	6148481024	9419132928	2693914002	208763558	2668574020	0	208763558	4400000000	5571251580	3847881348	9155497984	9070043136	1	ravel_process_allocator_bytes{mode="all",allocator="jemalloc",stat="allocated"}=6107398936;ravel_process_allocator_bytes{mode="all",allocator="jemalloc",stat="active"}=6148481024;ravel_process_allocator_bytes{mode="all",allocator="jemalloc",stat="resident"}=9419132928;ravel_process_allocator_background_thread{mode="all",allocator="jemalloc"}=1;ravel_cache_resident_bytes{mode="all",cache="fetch"}=2668574020;ravel_cache_resident_bytes{mode="all",cache="catalog"}=0;ravel_memory_budget_bytes{mode="all"}=4400000000;ravel_memory_reserved_bytes{mode="all",component="sql"}=2693914002;ravel_memory_reserved_bytes{mode="all",component="fetch"}=208763558;ravel_memory_handoff_overlap_bytes{mode="all"}=208763558
1791434377.239	1	4037018400	4075597824	8425574400	1015218723	30880003	2668574020	0	30880003	4400000000	3714672746	4710901654	8286883840	8201428992	1	ravel_process_allocator_bytes{mode="all",allocator="jemalloc",stat="allocated"}=4037018400;ravel_process_allocator_bytes{mode="all",allocator="jemalloc",stat="active"}=4075597824;ravel_process_allocator_bytes{mode="all",allocator="jemalloc",stat="resident"}=8425574400;ravel_process_allocator_background_thread{mode="all",allocator="jemalloc"}=1;ravel_cache_resident_bytes{mode="all",cache="fetch"}=2668574020;ravel_cache_resident_bytes{mode="all",cache="catalog"}=0;ravel_memory_budget_bytes{mode="all"}=4400000000;ravel_memory_reserved_bytes{mode="all",component="sql"}=1015218723;ravel_memory_reserved_bytes{mode="all",component="fetch"}=30880003;ravel_memory_handoff_overlap_bytes{mode="all"}=30880003
1791434382.240	1	4034486320	4073050112	6395904000	402152936	1939699	2691650939	0	1939699	4400000000	3095743574	3300160426	6003064832	5917609984	1	ravel_process_allocator_bytes{mode="all",allocator="jemalloc",stat="allocated"}=4034486320;ravel_process_allocator_bytes{mode="all",allocator="jemalloc",stat="active"}=4073050112;ravel_process_allocator_bytes{mode="all",allocator="jemalloc",stat="resident"}=6395904000;ravel_process_allocator_background_thread{mode="all",allocator="jemalloc"}=1;ravel_cache_resident_bytes{mode="all",cache="fetch"}=2691650939;ravel_cache_resident_bytes{mode="all",cache="catalog"}=0;ravel_memory_budget_bytes{mode="all"}=4400000000;ravel_memory_reserved_bytes{mode="all",component="sql"}=402152936;ravel_memory_reserved_bytes{mode="all",component="fetch"}=1939699;ravel_memory_handoff_overlap_bytes{mode="all"}=1939699
1791434387.242	1	4891633008	4928659456	9016041472	1537007622	132765444	2691650939	0	132765444	4400000000	4361424005	4654617467	8591413248	8505868288	1	ravel_process_allocator_bytes{mode="all",allocator="jemalloc",stat="allocated"}=4891633008;ravel_process_allocator_bytes{mode="all",allocator="jemalloc",stat="active"}=4928659456;ravel_process_allocator_bytes{mode="all",allocator="jemalloc",stat="resident"}=9016041472;ravel_process_allocator_background_thread{mode="all",allocator="jemalloc"}=1;ravel_cache_resident_bytes{mode="all",cache="fetch"}=2691650939;ravel_cache_resident_bytes{mode="all",cache="catalog"}=0;ravel_memory_budget_bytes{mode="all"}=4400000000;ravel_memory_reserved_bytes{mode="all",component="sql"}=1537007622;ravel_memory_reserved_bytes{mode="all",component="fetch"}=132765444;ravel_memory_handoff_overlap_bytes{mode="all"}=132765444
1791434392.241	1	4701852632	4739416064	8791764992	1413528727	58128805	2691650939	0	58128805	4400000000	4163308471	4628456521	9000189952	8914644992	1	ravel_process_allocator_bytes{mode="all",allocator="jemalloc",stat="allocated"}=4701852632;ravel_process_allocator_bytes{mode="all",allocator="jemalloc",stat="active"}=4739416064;ravel_process_allocator_bytes{mode="all",allocator="jemalloc",stat="resident"}=8791764992;ravel_process_allocator_background_thread{mode="all",allocator="jemalloc"}=1;ravel_cache_resident_bytes{mode="all",cache="fetch"}=2691650939;ravel_cache_resident_bytes{mode="all",cache="catalog"}=0;ravel_memory_budget_bytes{mode="all"}=4400000000;ravel_memory_reserved_bytes{mode="all",component="sql"}=1413528727;ravel_memory_reserved_bytes{mode="all",component="fetch"}=58128805;ravel_memory_handoff_overlap_bytes{mode="all"}=58128805
1791434397.240	1	3842461784	3876659200	9276342272	183479334	103550835	2691650939	0	103550835	4400000000	2978681108	6297661164	8531836928	8446291968	1	ravel_process_allocator_bytes{mode="all",allocator="jemalloc",stat="allocated"}=3842461784;ravel_process_allocator_bytes{mode="all",allocator="jemalloc",stat="active"}=3876659200;ravel_process_allocator_bytes{mode="all",allocator="jemalloc",stat="resident"}=9276342272;ravel_process_allocator_background_thread{mode="all",allocator="jemalloc"}=1;ravel_cache_resident_bytes{mode="all",cache="fetch"}=2691650939;ravel_cache_resident_bytes{mode="all",cache="catalog"}=0;ravel_memory_budget_bytes{mode="all"}=4400000000;ravel_memory_reserved_bytes{mode="all",component="sql"}=183479334;ravel_memory_reserved_bytes{mode="all",component="fetch"}=103550835;ravel_memory_handoff_overlap_bytes{mode="all"}=103550835
1791434402.240	1	3617638296	3653799936	7778791424	553649392	64333292	2691650939	0	64333292	4400000000	3309633623	4469157801	7359860736	7274315776	1	ravel_process_allocator_bytes{mode="all",allocator="jemalloc",stat="allocated"}=3617638296;ravel_process_allocator_bytes{mode="all",allocator="jemalloc",stat="active"}=3653799936;ravel_process_allocator_bytes{mode="all",allocator="jemalloc",stat="resident"}=7778791424;ravel_process_allocator_background_thread{mode="all",allocator="jemalloc"}=1;ravel_cache_resident_bytes{mode="all",cache="fetch"}=2691650939;ravel_cache_resident_bytes{mode="all",cache="catalog"}=0;ravel_memory_budget_bytes{mode="all"}=4400000000;ravel_memory_reserved_bytes{mode="all",component="sql"}=553649392;ravel_memory_reserved_bytes{mode="all",component="fetch"}=64333292;ravel_memory_handoff_overlap_bytes{mode="all"}=64333292
1791434407.242	1	4937343088	4978229248	9236119552	1629483876	50595125	2691650939	0	50595125	4400000000	4371729940	4864389612	8795570176	8710025216	1	ravel_process_allocator_bytes{mode="all",allocator="jemalloc",stat="allocated"}=4937343088;ravel_process_allocator_bytes{mode="all",allocator="jemalloc",stat="active"}=4978229248;ravel_process_allocator_bytes{mode="all",allocator="jemalloc",stat="resident"}=9236119552;ravel_process_allocator_background_thread{mode="all",allocator="jemalloc"}=1;ravel_cache_resident_bytes{mode="all",cache="fetch"}=2691650939;ravel_cache_resident_bytes{mode="all",cache="catalog"}=0;ravel_memory_budget_bytes{mode="all"}=4400000000;ravel_memory_reserved_bytes{mode="all",component="sql"}=1629483876;ravel_memory_reserved_bytes{mode="all",component="fetch"}=50595125;ravel_memory_handoff_overlap_bytes{mode="all"}=50595125
1791434412.239	1	5148241600	5182599168	8233267200	2128833528	56347726	2691650939	0	56347726	4400000000	4876832193	3356435007	7911550976	7826006016	1	ravel_process_allocator_bytes{mode="all",allocator="jemalloc",stat="allocated"}=5148241600;ravel_process_allocator_bytes{mode="all",allocator="jemalloc",stat="active"}=5182599168;ravel_process_allocator_bytes{mode="all",allocator="jemalloc",stat="resident"}=8233267200;ravel_process_allocator_background_thread{mode="all",allocator="jemalloc"}=1;ravel_cache_resident_bytes{mode="all",cache="fetch"}=2691650939;ravel_cache_resident_bytes{mode="all",cache="catalog"}=0;ravel_memory_budget_bytes{mode="all"}=4400000000;ravel_memory_reserved_bytes{mode="all",component="sql"}=2128833528;ravel_memory_reserved_bytes{mode="all",component="fetch"}=56347726;ravel_memory_handoff_overlap_bytes{mode="all"}=56347726
1791434417.240	1	3370216008	3414605824	7277154304	372713024	28717705	2691650939	0	28717705	4400000000	3093081668	4184072636	7182155776	7096610816	1	ravel_process_allocator_bytes{mode="all",allocator="jemalloc",stat="allocated"}=3370216008;ravel_process_allocator_bytes{mode="all",allocator="jemalloc",stat="active"}=3414605824;ravel_process_allocator_bytes{mode="all",allocator="jemalloc",stat="resident"}=7277154304;ravel_process_allocator_background_thread{mode="all",allocator="jemalloc"}=1;ravel_cache_resident_bytes{mode="all",cache="fetch"}=2691650939;ravel_cache_resident_bytes{mode="all",cache="catalog"}=0;ravel_memory_budget_bytes{mode="all"}=4400000000;ravel_memory_reserved_bytes{mode="all",component="sql"}=372713024;ravel_memory_reserved_bytes{mode="all",component="fetch"}=28717705;ravel_memory_handoff_overlap_bytes{mode="all"}=28717705
1791434422.240	1	6785644080	6829395968	10765176832	3264466556	203668890	2691650939	0	203668890	4400000000	6159786385	4605390447	9890512896	9804967936	1	ravel_process_allocator_bytes{mode="all",allocator="jemalloc",stat="allocated"}=6785644080;ravel_process_allocator_bytes{mode="all",allocator="jemalloc",stat="active"}=6829395968;ravel_process_allocator_bytes{mode="all",allocator="jemalloc",stat="resident"}=10765176832;ravel_process_allocator_background_thread{mode="all",allocator="jemalloc"}=1;ravel_cache_resident_bytes{mode="all",cache="fetch"}=2691650939;ravel_cache_resident_bytes{mode="all",cache="catalog"}=0;ravel_memory_budget_bytes{mode="all"}=4400000000;ravel_memory_reserved_bytes{mode="all",component="sql"}=3264466556;ravel_memory_reserved_bytes{mode="all",component="fetch"}=203668890;ravel_memory_handoff_overlap_bytes{mode="all"}=203668890
1791434427.240	1	4638419592	4679720960	9549139968	837608189	690451308	2691650939	0	690451308	4400000000	4219710436	5329429532	9251536896	9165991936	1	ravel_process_allocator_bytes{mode="all",allocator="jemalloc",stat="allocated"}=4638419592;ravel_process_allocator_bytes{mode="all",allocator="jemalloc",stat="active"}=4679720960;ravel_process_allocator_bytes{mode="all",allocator="jemalloc",stat="resident"}=9549139968;ravel_process_allocator_background_thread{mode="all",allocator="jemalloc"}=1;ravel_cache_resident_bytes{mode="all",cache="fetch"}=2691650939;ravel_cache_resident_bytes{mode="all",cache="catalog"}=0;ravel_memory_budget_bytes{mode="all"}=4400000000;ravel_memory_reserved_bytes{mode="all",component="sql"}=837608189;ravel_memory_reserved_bytes{mode="all",component="fetch"}=690451308;ravel_memory_handoff_overlap_bytes{mode="all"}=690451308
1791434432.242	1	3593094392	3626463232	7104983040	256580158	260226474	2691650939	0	260226474	4400000000	3208457571	3896525469	7046492160	6960947200	1	ravel_process_allocator_bytes{mode="all",allocator="jemalloc",stat="allocated"}=3593094392;ravel_process_allocator_bytes{mode="all",allocator="jemalloc",stat="active"}=3626463232;ravel_process_allocator_bytes{mode="all",allocator="jemalloc",stat="resident"}=7104983040;ravel_process_allocator_background_thread{mode="all",allocator="jemalloc"}=1;ravel_cache_resident_bytes{mode="all",cache="fetch"}=2691650939;ravel_cache_resident_bytes{mode="all",cache="catalog"}=0;ravel_memory_budget_bytes{mode="all"}=4400000000;ravel_memory_reserved_bytes{mode="all",component="sql"}=256580158;ravel_memory_reserved_bytes{mode="all",component="fetch"}=260226474;ravel_memory_handoff_overlap_bytes{mode="all"}=260226474
1791434437.239	1	5178282112	5217476608	7817080832	2140440789	72486402	2691650939	0	72486402	4400000000	4904578130	2912502702	7233941504	7148396544	1	ravel_process_allocator_bytes{mode="all",allocator="jemalloc",stat="allocated"}=5178282112;ravel_process_allocator_bytes{mode="all",allocator="jemalloc",stat="active"}=5217476608;ravel_process_allocator_bytes{mode="all",allocator="jemalloc",stat="resident"}=7817080832;ravel_process_allocator_background_thread{mode="all",allocator="jemalloc"}=1;ravel_cache_resident_bytes{mode="all",cache="fetch"}=2691650939;ravel_cache_resident_bytes{mode="all",cache="catalog"}=0;ravel_memory_budget_bytes{mode="all"}=4400000000;ravel_memory_reserved_bytes{mode="all",component="sql"}=2140440789;ravel_memory_reserved_bytes{mode="all",component="fetch"}=72486402;ravel_memory_handoff_overlap_bytes{mode="all"}=72486402
1791434442.240	1	7177292856	7231053824	11630792704	3111605748	205902474	2691650939	0	205902474	4400000000	6009159161	5621633543	10438131712	10352586752	1	ravel_process_allocator_bytes{mode="all",allocator="jemalloc",stat="allocated"}=7177292856;ravel_process_allocator_bytes{mode="all",allocator="jemalloc",stat="active"}=7231053824;ravel_process_allocator_bytes{mode="all",allocator="jemalloc",stat="resident"}=11630792704;ravel_process_allocator_background_thread{mode="all",allocator="jemalloc"}=1;ravel_cache_resident_bytes{mode="all",cache="fetch"}=2691650939;ravel_cache_resident_bytes{mode="all",cache="catalog"}=0;ravel_memory_budget_bytes{mode="all"}=4400000000;ravel_memory_reserved_bytes{mode="all",component="sql"}=3111605748;ravel_memory_reserved_bytes{mode="all",component="fetch"}=205902474;ravel_memory_handoff_overlap_bytes{mode="all"}=205902474
1791434447.240	1	4235228104	4276097024	7880904704	569392326	382159910	2691650939	0	382159910	4400000000	3643203175	4237701529	7847788544	7762243584	1	ravel_process_allocator_bytes{mode="all",allocator="jemalloc",stat="allocated"}=4235228104;ravel_process_allocator_bytes{mode="all",allocator="jemalloc",stat="active"}=4276097024;ravel_process_allocator_bytes{mode="all",allocator="jemalloc",stat="resident"}=7880904704;ravel_process_allocator_background_thread{mode="all",allocator="jemalloc"}=1;ravel_cache_resident_bytes{mode="all",cache="fetch"}=2691650939;ravel_cache_resident_bytes{mode="all",cache="catalog"}=0;ravel_memory_budget_bytes{mode="all"}=4400000000;ravel_memory_reserved_bytes{mode="all",component="sql"}=569392326;ravel_memory_reserved_bytes{mode="all",component="fetch"}=382159910;ravel_memory_handoff_overlap_bytes{mode="all"}=382159910
1791434452.239	1	5273613104	5314781184	8223440896	1463295990	210809292	2691650939	0	210809292	4400000000	4365756221	3857684675	7967653888	7882108928	1	ravel_process_allocator_bytes{mode="all",allocator="jemalloc",stat="allocated"}=5273613104;ravel_process_allocator_bytes{mode="all",allocator="jemalloc",stat="active"}=5314781184;ravel_process_allocator_bytes{mode="all",allocator="jemalloc",stat="resident"}=8223440896;ravel_process_allocator_background_thread{mode="all",allocator="jemalloc"}=1;ravel_cache_resident_bytes{mode="all",cache="fetch"}=2691650939;ravel_cache_resident_bytes{mode="all",cache="catalog"}=0;ravel_memory_budget_bytes{mode="all"}=4400000000;ravel_memory_reserved_bytes{mode="all",component="sql"}=1463295990;ravel_memory_reserved_bytes{mode="all",component="fetch"}=210809292;ravel_memory_handoff_overlap_bytes{mode="all"}=210809292
1791434457.239	1	6862772200	6916136960	9164910592	3526736621	253226876	2691650939	0	253226876	4400000000	6471614436	2693296156	8127705088	8042160128	1	ravel_process_allocator_bytes{mode="all",allocator="jemalloc",stat="allocated"}=6862772200;ravel_process_allocator_bytes{mode="all",allocator="jemalloc",stat="active"}=6916136960;ravel_process_allocator_bytes{mode="all",allocator="jemalloc",stat="resident"}=9164910592;ravel_process_allocator_background_thread{mode="all",allocator="jemalloc"}=1;ravel_cache_resident_bytes{mode="all",cache="fetch"}=2691650939;ravel_cache_resident_bytes{mode="all",cache="catalog"}=0;ravel_memory_budget_bytes{mode="all"}=4400000000;ravel_memory_reserved_bytes{mode="all",component="sql"}=3526736621;ravel_memory_reserved_bytes{mode="all",component="fetch"}=253226876;ravel_memory_handoff_overlap_bytes{mode="all"}=253226876
1791434462.239	1	4684783544	4726530048	8953659392	1078032369	304026972	2691650939	0	304026972	4400000000	4073710280	4879949112	8858681344	8773136384	1	ravel_process_allocator_bytes{mode="all",allocator="jemalloc",stat="allocated"}=4684783544;ravel_process_allocator_bytes{mode="all",allocator="jemalloc",stat="active"}=4726530048;ravel_process_allocator_bytes{mode="all",allocator="jemalloc",stat="resident"}=8953659392;ravel_process_allocator_background_thread{mode="all",allocator="jemalloc"}=1;ravel_cache_resident_bytes{mode="all",cache="fetch"}=2691650939;ravel_cache_resident_bytes{mode="all",cache="catalog"}=0;ravel_memory_budget_bytes{mode="all"}=4400000000;ravel_memory_reserved_bytes{mode="all",component="sql"}=1078032369;ravel_memory_reserved_bytes{mode="all",component="fetch"}=304026972;ravel_memory_handoff_overlap_bytes{mode="all"}=304026972
1791434467.242	1	3384396392	3418128384	7813107712	379490336	19098294	2691650939	0	19098294	4400000000	3090239569	4722868143	7408566272	7323021312	1	ravel_process_allocator_bytes{mode="all",allocator="jemalloc",stat="allocated"}=3384396392;ravel_process_allocator_bytes{mode="all",allocator="jemalloc",stat="active"}=3418128384;ravel_process_allocator_bytes{mode="all",allocator="jemalloc",stat="resident"}=7813107712;ravel_process_allocator_background_thread{mode="all",allocator="jemalloc"}=1;ravel_cache_resident_bytes{mode="all",cache="fetch"}=2691650939;ravel_cache_resident_bytes{mode="all",cache="catalog"}=0;ravel_memory_budget_bytes{mode="all"}=4400000000;ravel_memory_reserved_bytes{mode="all",component="sql"}=379490336;ravel_memory_reserved_bytes{mode="all",component="fetch"}=19098294;ravel_memory_handoff_overlap_bytes{mode="all"}=19098294
1791434472.240	1	4932185952	4982427648	8010760192	1876848965	24972015	2691650939	0	24972015	4400000000	4593471919	3417288273	7565660160	7480115200	1	ravel_process_allocator_bytes{mode="all",allocator="jemalloc",stat="allocated"}=4932185952;ravel_process_allocator_bytes{mode="all",allocator="jemalloc",stat="active"}=4982427648;ravel_process_allocator_bytes{mode="all",allocator="jemalloc",stat="resident"}=8010760192;ravel_process_allocator_background_thread{mode="all",allocator="jemalloc"}=1;ravel_cache_resident_bytes{mode="all",cache="fetch"}=2691650939;ravel_cache_resident_bytes{mode="all",cache="catalog"}=0;ravel_memory_budget_bytes{mode="all"}=4400000000;ravel_memory_reserved_bytes{mode="all",component="sql"}=1876848965;ravel_memory_reserved_bytes{mode="all",component="fetch"}=24972015;ravel_memory_handoff_overlap_bytes{mode="all"}=24972015
1791434477.240	1	6001875528	6036717568	10345467904	2631611771	102911155	2691650939	0	102911155	4400000000	5426173865	4919294039	9446744064	9361158144	1	ravel_process_allocator_bytes{mode="all",allocator="jemalloc",stat="allocated"}=6001875528;ravel_process_allocator_bytes{mode="all",allocator="jemalloc",stat="active"}=6036717568;ravel_process_allocator_bytes{mode="all",allocator="jemalloc",stat="resident"}=10345467904;ravel_process_allocator_background_thread{mode="all",allocator="jemalloc"}=1;ravel_cache_resident_bytes{mode="all",cache="fetch"}=2691650939;ravel_cache_resident_bytes{mode="all",cache="catalog"}=0;ravel_memory_budget_bytes{mode="all"}=4400000000;ravel_memory_reserved_bytes{mode="all",component="sql"}=2631611771;ravel_memory_reserved_bytes{mode="all",component="fetch"}=102911155;ravel_memory_handoff_overlap_bytes{mode="all"}=102911155
1791434482.240	1	4319988000	4356726784	8110088192	837796101	116994590	2691650939	0	116994590	4400000000	3646441630	4463646562	8231682048	8146096128	1	ravel_process_allocator_bytes{mode="all",allocator="jemalloc",stat="allocated"}=4319988000;ravel_process_allocator_bytes{mode="all",allocator="jemalloc",stat="active"}=4356726784;ravel_process_allocator_bytes{mode="all",allocator="jemalloc",stat="resident"}=8110088192;ravel_process_allocator_background_thread{mode="all",allocator="jemalloc"}=1;ravel_cache_resident_bytes{mode="all",cache="fetch"}=2691650939;ravel_cache_resident_bytes{mode="all",cache="catalog"}=0;ravel_memory_budget_bytes{mode="all"}=4400000000;ravel_memory_reserved_bytes{mode="all",component="sql"}=837796101;ravel_memory_reserved_bytes{mode="all",component="fetch"}=116994590;ravel_memory_handoff_overlap_bytes{mode="all"}=116994590
1791434487.240	1	4552799088	4600111104	6807449600	1439495569	72586510	2691650939	0	72586510	4400000000	4203733018	2603716582	6601814016	6516228096	1	ravel_process_allocator_bytes{mode="all",allocator="jemalloc",stat="allocated"}=4552799088;ravel_process_allocator_bytes{mode="all",allocator="jemalloc",stat="active"}=4600111104;ravel_process_allocator_bytes{mode="all",allocator="jemalloc",stat="resident"}=6807449600;ravel_process_allocator_background_thread{mode="all",allocator="jemalloc"}=1;ravel_cache_resident_bytes{mode="all",cache="fetch"}=2691650939;ravel_cache_resident_bytes{mode="all",cache="catalog"}=0;ravel_memory_budget_bytes{mode="all"}=4400000000;ravel_memory_reserved_bytes{mode="all",component="sql"}=1439495569;ravel_memory_reserved_bytes{mode="all",component="fetch"}=72586510;ravel_memory_handoff_overlap_bytes{mode="all"}=72586510
1791434492.240	1	6770875864	6810554368	10478432256	3486735672	134722605	2691650939	0	134722605	4400000000	6313109216	4165323040	9982287872	9896701952	1	ravel_process_allocator_bytes{mode="all",allocator="jemalloc",stat="allocated"}=6770875864;ravel_process_allocator_bytes{mode="all",allocator="jemalloc",stat="active"}=6810554368;ravel_process_allocator_bytes{mode="all",allocator="jemalloc",stat="resident"}=10478432256;ravel_process_allocator_background_thread{mode="all",allocator="jemalloc"}=1;ravel_cache_resident_bytes{mode="all",cache="fetch"}=2691650939;ravel_cache_resident_bytes{mode="all",cache="catalog"}=0;ravel_memory_budget_bytes{mode="all"}=4400000000;ravel_memory_reserved_bytes{mode="all",component="sql"}=3486735672;ravel_memory_reserved_bytes{mode="all",component="fetch"}=134722605;ravel_memory_handoff_overlap_bytes{mode="all"}=134722605
1791434497.240	1	4557423512	4605796352	8005808128	2512425	759966815	2691650939	0	759966815	4400000000	3454130179	4551677949	8009396224	7923810304	1	ravel_process_allocator_bytes{mode="all",allocator="jemalloc",stat="allocated"}=4557423512;ravel_process_allocator_bytes{mode="all",allocator="jemalloc",stat="active"}=4605796352;ravel_process_allocator_bytes{mode="all",allocator="jemalloc",stat="resident"}=8005808128;ravel_process_allocator_background_thread{mode="all",allocator="jemalloc"}=1;ravel_cache_resident_bytes{mode="all",cache="fetch"}=2691650939;ravel_cache_resident_bytes{mode="all",cache="catalog"}=0;ravel_memory_budget_bytes{mode="all"}=4400000000;ravel_memory_reserved_bytes{mode="all",component="sql"}=2512425;ravel_memory_reserved_bytes{mode="all",component="fetch"}=759966815;ravel_memory_handoff_overlap_bytes{mode="all"}=759966815
1791434502.239	1	4370063784	4408979456	6842900480	892617383	88959826	2691650939	0	88959826	4400000000	3673228148	3169672332	6394253312	6308667392	1	ravel_process_allocator_bytes{mode="all",allocator="jemalloc",stat="allocated"}=4370063784;ravel_process_allocator_bytes{mode="all",allocator="jemalloc",stat="active"}=4408979456;ravel_process_allocator_bytes{mode="all",allocator="jemalloc",stat="resident"}=6842900480;ravel_process_allocator_background_thread{mode="all",allocator="jemalloc"}=1;ravel_cache_resident_bytes{mode="all",cache="fetch"}=2691650939;ravel_cache_resident_bytes{mode="all",cache="catalog"}=0;ravel_memory_budget_bytes{mode="all"}=4400000000;ravel_memory_reserved_bytes{mode="all",component="sql"}=892617383;ravel_memory_reserved_bytes{mode="all",component="fetch"}=88959826;ravel_memory_handoff_overlap_bytes{mode="all"}=88959826
1791434507.240	1	6295216744	6334459904	8961441792	3058413618	157659677	2691650939	0	157659677	4400000000	5907724234	3053717558	8205160448	8119574528	1	ravel_process_allocator_bytes{mode="all",allocator="jemalloc",stat="allocated"}=6295216744;ravel_process_allocator_bytes{mode="all",allocator="jemalloc",stat="active"}=6334459904;ravel_process_allocator_bytes{mode="all",allocator="jemalloc",stat="resident"}=8961441792;ravel_process_allocator_background_thread{mode="all",allocator="jemalloc"}=1;ravel_cache_resident_bytes{mode="all",cache="fetch"}=2691650939;ravel_cache_resident_bytes{mode="all",cache="catalog"}=0;ravel_memory_budget_bytes{mode="all"}=4400000000;ravel_memory_reserved_bytes{mode="all",component="sql"}=3058413618;ravel_memory_reserved_bytes{mode="all",component="fetch"}=157659677;ravel_memory_handoff_overlap_bytes{mode="all"}=157659677
1791434512.240	1	4656537944	4692930560	9521467392	1294595497	111013174	2691650939	0	111013174	4400000000	4097259610	5424207782	9342173184	9256587264	1	ravel_process_allocator_bytes{mode="all",allocator="jemalloc",stat="allocated"}=4656537944;ravel_process_allocator_bytes{mode="all",allocator="jemalloc",stat="active"}=4692930560;ravel_process_allocator_bytes{mode="all",allocator="jemalloc",stat="resident"}=9521467392;ravel_process_allocator_background_thread{mode="all",allocator="jemalloc"}=1;ravel_cache_resident_bytes{mode="all",cache="fetch"}=2691650939;ravel_cache_resident_bytes{mode="all",cache="catalog"}=0;ravel_memory_budget_bytes{mode="all"}=4400000000;ravel_memory_reserved_bytes{mode="all",component="sql"}=1294595497;ravel_memory_reserved_bytes{mode="all",component="fetch"}=111013174;ravel_memory_handoff_overlap_bytes{mode="all"}=111013174
1791434517.239	1	2889598584	2932027392	6431019008	17560816	55234805	2691650939	0	55234805	4400000000	2764446560	3666572448	6554959872	6469373952	1	ravel_process_allocator_bytes{mode="all",allocator="jemalloc",stat="allocated"}=2889598584;ravel_process_allocator_bytes{mode="all",allocator="jemalloc",stat="active"}=2932027392;ravel_process_allocator_bytes{mode="all",allocator="jemalloc",stat="resident"}=6431019008;ravel_process_allocator_background_thread{mode="all",allocator="jemalloc"}=1;ravel_cache_resident_bytes{mode="all",cache="fetch"}=2691650939;ravel_cache_resident_bytes{mode="all",cache="catalog"}=0;ravel_memory_budget_bytes{mode="all"}=4400000000;ravel_memory_reserved_bytes{mode="all",component="sql"}=17560816;ravel_memory_reserved_bytes{mode="all",component="fetch"}=55234805;ravel_memory_handoff_overlap_bytes{mode="all"}=55234805
1791434522.240	1	6114219424	6155632640	8778395648	2968397376	55681889	2691650939	0	55681889	4400000000	5715730204	3062665444	8239312896	8153726976	1	ravel_process_allocator_bytes{mode="all",allocator="jemalloc",stat="allocated"}=6114219424;ravel_process_allocator_bytes{mode="all",allocator="jemalloc",stat="active"}=6155632640;ravel_process_allocator_bytes{mode="all",allocator="jemalloc",stat="resident"}=8778395648;ravel_process_allocator_background_thread{mode="all",allocator="jemalloc"}=1;ravel_cache_resident_bytes{mode="all",cache="fetch"}=2691650939;ravel_cache_resident_bytes{mode="all",cache="catalog"}=0;ravel_memory_budget_bytes{mode="all"}=4400000000;ravel_memory_reserved_bytes{mode="all",component="sql"}=2968397376;ravel_memory_reserved_bytes{mode="all",component="fetch"}=55681889;ravel_memory_handoff_overlap_bytes{mode="all"}=55681889
1791434527.239	1	4499895224	4539682816	9254989824	837449049	35975271	2691650939	0	35975271	4400000000	3565075259	5689914565	9018408960	8932823040	1	ravel_process_allocator_bytes{mode="all",allocator="jemalloc",stat="allocated"}=4499895224;ravel_process_allocator_bytes{mode="all",allocator="jemalloc",stat="active"}=4539682816;ravel_process_allocator_bytes{mode="all",allocator="jemalloc",stat="resident"}=9254989824;ravel_process_allocator_background_thread{mode="all",allocator="jemalloc"}=1;ravel_cache_resident_bytes{mode="all",cache="fetch"}=2691650939;ravel_cache_resident_bytes{mode="all",cache="catalog"}=0;ravel_memory_budget_bytes{mode="all"}=4400000000;ravel_memory_reserved_bytes{mode="all",component="sql"}=837449049;ravel_memory_reserved_bytes{mode="all",component="fetch"}=35975271;ravel_memory_handoff_overlap_bytes{mode="all"}=35975271
1791434532.240	1	3956671520	3996667904	8761954304	57560440	429984609	2691650939	0	429984609	4400000000	3179195988	5582758316	8372531200	8286945280	1	ravel_process_allocator_bytes{mode="all",allocator="jemalloc",stat="allocated"}=3956671520;ravel_process_allocator_bytes{mode="all",allocator="jemalloc",stat="active"}=3996667904;ravel_process_allocator_bytes{mode="all",allocator="jemalloc",stat="resident"}=8761954304;ravel_process_allocator_background_thread{mode="all",allocator="jemalloc"}=1;ravel_cache_resident_bytes{mode="all",cache="fetch"}=2691650939;ravel_cache_resident_bytes{mode="all",cache="catalog"}=0;ravel_memory_budget_bytes{mode="all"}=4400000000;ravel_memory_reserved_bytes{mode="all",component="sql"}=57560440;ravel_memory_reserved_bytes{mode="all",component="fetch"}=429984609;ravel_memory_handoff_overlap_bytes{mode="all"}=429984609
1791434537.239	1	4764214216	4800692224	6049357824	1190457742	211948477	2691650939	0	211948477	4400000000	4094057158	1955300666	6399836160	6314250240	1	ravel_process_allocator_bytes{mode="all",allocator="jemalloc",stat="allocated"}=4764214216;ravel_process_allocator_bytes{mode="all",allocator="jemalloc",stat="active"}=4800692224;ravel_process_allocator_bytes{mode="all",allocator="jemalloc",stat="resident"}=6049357824;ravel_process_allocator_background_thread{mode="all",allocator="jemalloc"}=1;ravel_cache_resident_bytes{mode="all",cache="fetch"}=2691650939;ravel_cache_resident_bytes{mode="all",cache="catalog"}=0;ravel_memory_budget_bytes{mode="all"}=4400000000;ravel_memory_reserved_bytes{mode="all",component="sql"}=1190457742;ravel_memory_reserved_bytes{mode="all",component="fetch"}=211948477;ravel_memory_handoff_overlap_bytes{mode="all"}=211948477
1791434542.240	1	5388943496	5433884672	6994960384	2197951048	236185755	2691650939	0	236185755	4400000000	5125787742	1869172642	6798163968	6712578048	1	ravel_process_allocator_bytes{mode="all",allocator="jemalloc",stat="allocated"}=5388943496;ravel_process_allocator_bytes{mode="all",allocator="jemalloc",stat="active"}=5433884672;ravel_process_allocator_bytes{mode="all",allocator="jemalloc",stat="resident"}=6994960384;ravel_process_allocator_background_thread{mode="all",allocator="jemalloc"}=1;ravel_cache_resident_bytes{mode="all",cache="fetch"}=2691650939;ravel_cache_resident_bytes{mode="all",cache="catalog"}=0;ravel_memory_budget_bytes{mode="all"}=4400000000;ravel_memory_reserved_bytes{mode="all",component="sql"}=2197951048;ravel_memory_reserved_bytes{mode="all",component="fetch"}=236185755;ravel_memory_handoff_overlap_bytes{mode="all"}=236185755
1791434547.240	1	7496671224	7555051520	10049167360	1675513705	1264745915	2691650939	0	1264745915	4400000000	5631910559	4417256801	8867471360	8781754368	1	ravel_process_allocator_bytes{mode="all",allocator="jemalloc",stat="allocated"}=7496671224;ravel_process_allocator_bytes{mode="all",allocator="jemalloc",stat="active"}=7555051520;ravel_process_allocator_bytes{mode="all",allocator="jemalloc",stat="resident"}=10049167360;ravel_process_allocator_background_thread{mode="all",allocator="jemalloc"}=1;ravel_cache_resident_bytes{mode="all",cache="fetch"}=2691650939;ravel_cache_resident_bytes{mode="all",cache="catalog"}=0;ravel_memory_budget_bytes{mode="all"}=4400000000;ravel_memory_reserved_bytes{mode="all",component="sql"}=1675513705;ravel_memory_reserved_bytes{mode="all",component="fetch"}=1264745915;ravel_memory_handoff_overlap_bytes{mode="all"}=1264745915
1791434552.240	1	3971101920	4009402368	7532654592	953672240	58470949	2691650939	0	58470949	4400000000	3703794128	3828860464	7839784960	7754022912	1	ravel_process_allocator_bytes{mode="all",allocator="jemalloc",stat="allocated"}=3971101920;ravel_process_allocator_bytes{mode="all",allocator="jemalloc",stat="active"}=4009402368;ravel_process_allocator_bytes{mode="all",allocator="jemalloc",stat="resident"}=7532654592;ravel_process_allocator_background_thread{mode="all",allocator="jemalloc"}=1;ravel_cache_resident_bytes{mode="all",cache="fetch"}=2691650939;ravel_cache_resident_bytes{mode="all",cache="catalog"}=0;ravel_memory_budget_bytes{mode="all"}=4400000000;ravel_memory_reserved_bytes{mode="all",component="sql"}=953672240;ravel_memory_reserved_bytes{mode="all",component="fetch"}=58470949;ravel_memory_handoff_overlap_bytes{mode="all"}=58470949
1791434557.240	1	6151008480	6192259072	7811485696	1843160385	369301497	2691650939	0	369301497	4400000000	4904112821	2907372875	7009337344	6923575296	1	ravel_process_allocator_bytes{mode="all",allocator="jemalloc",stat="allocated"}=6151008480;ravel_process_allocator_bytes{mode="all",allocator="jemalloc",stat="active"}=6192259072;ravel_process_allocator_bytes{mode="all",allocator="jemalloc",stat="resident"}=7811485696;ravel_process_allocator_background_thread{mode="all",allocator="jemalloc"}=1;ravel_cache_resident_bytes{mode="all",cache="fetch"}=2691650939;ravel_cache_resident_bytes{mode="all",cache="catalog"}=0;ravel_memory_budget_bytes{mode="all"}=4400000000;ravel_memory_reserved_bytes{mode="all",component="sql"}=1843160385;ravel_memory_reserved_bytes{mode="all",component="fetch"}=369301497;ravel_memory_handoff_overlap_bytes{mode="all"}=369301497
1791434562.239	1	6451191808	6505066496	10487070720	2653212742	532213349	2691650939	0	532213349	4400000000	5877077030	4609993690	9888628736	9802866688	1	ravel_process_allocator_bytes{mode="all",allocator="jemalloc",stat="allocated"}=6451191808;ravel_process_allocator_bytes{mode="all",allocator="jemalloc",stat="active"}=6505066496;ravel_process_allocator_bytes{mode="all",allocator="jemalloc",stat="resident"}=10487070720;ravel_process_allocator_background_thread{mode="all",allocator="jemalloc"}=1;ravel_cache_resident_bytes{mode="all",cache="fetch"}=2691650939;ravel_cache_resident_bytes{mode="all",cache="catalog"}=0;ravel_memory_budget_bytes{mode="all"}=4400000000;ravel_memory_reserved_bytes{mode="all",component="sql"}=2653212742;ravel_memory_reserved_bytes{mode="all",component="fetch"}=532213349;ravel_memory_handoff_overlap_bytes{mode="all"}=532213349
1791434567.240	1	4854541608	4887744512	8631300096	1247727853	212439541	2691650939	0	212439541	4400000000	4151818333	4479481763	8833503232	8747741184	1	ravel_process_allocator_bytes{mode="all",allocator="jemalloc",stat="allocated"}=4854541608;ravel_process_allocator_bytes{mode="all",allocator="jemalloc",stat="active"}=4887744512;ravel_process_allocator_bytes{mode="all",allocator="jemalloc",stat="resident"}=8631300096;ravel_process_allocator_background_thread{mode="all",allocator="jemalloc"}=1;ravel_cache_resident_bytes{mode="all",cache="fetch"}=2691650939;ravel_cache_resident_bytes{mode="all",cache="catalog"}=0;ravel_memory_budget_bytes{mode="all"}=4400000000;ravel_memory_reserved_bytes{mode="all",component="sql"}=1247727853;ravel_memory_reserved_bytes{mode="all",component="fetch"}=212439541;ravel_memory_handoff_overlap_bytes{mode="all"}=212439541
1791434572.240	1	5116408568	5161140224	6962233344	1607432811	245447874	2691650939	0	245447874	4400000000	4544531624	2417701720	6345531392	6259769344	1	ravel_process_allocator_bytes{mode="all",allocator="jemalloc",stat="allocated"}=5116408568;ravel_process_allocator_bytes{mode="all",allocator="jemalloc",stat="active"}=5161140224;ravel_process_allocator_bytes{mode="all",allocator="jemalloc",stat="resident"}=6962233344;ravel_process_allocator_background_thread{mode="all",allocator="jemalloc"}=1;ravel_cache_resident_bytes{mode="all",cache="fetch"}=2691650939;ravel_cache_resident_bytes{mode="all",cache="catalog"}=0;ravel_memory_budget_bytes{mode="all"}=4400000000;ravel_memory_reserved_bytes{mode="all",component="sql"}=1607432811;ravel_memory_reserved_bytes{mode="all",component="fetch"}=245447874;ravel_memory_handoff_overlap_bytes{mode="all"}=245447874
1791434577.240	1	5138239960	5176926208	10231263232	1719539952	170642197	2691650939	0	170642197	4400000000	4581833088	5649430144	9400369152	9314607104	1	ravel_process_allocator_bytes{mode="all",allocator="jemalloc",stat="allocated"}=5138239960;ravel_process_allocator_bytes{mode="all",allocator="jemalloc",stat="active"}=5176926208;ravel_process_allocator_bytes{mode="all",allocator="jemalloc",stat="resident"}=10231263232;ravel_process_allocator_background_thread{mode="all",allocator="jemalloc"}=1;ravel_cache_resident_bytes{mode="all",cache="fetch"}=2691650939;ravel_cache_resident_bytes{mode="all",cache="catalog"}=0;ravel_memory_budget_bytes{mode="all"}=4400000000;ravel_memory_reserved_bytes{mode="all",component="sql"}=1719539952;ravel_memory_reserved_bytes{mode="all",component="fetch"}=170642197;ravel_memory_handoff_overlap_bytes{mode="all"}=170642197
1791434582.239	1	3910371288	3945639936	9062060032	901289862	149777076	2691650939	0	149777076	4400000000	3742717877	5319342155	8910688256	8824926208	1	ravel_process_allocator_bytes{mode="all",allocator="jemalloc",stat="allocated"}=3910371288;ravel_process_allocator_bytes{mode="all",allocator="jemalloc",stat="active"}=3945639936;ravel_process_allocator_bytes{mode="all",allocator="jemalloc",stat="resident"}=9062060032;ravel_process_allocator_background_thread{mode="all",allocator="jemalloc"}=1;ravel_cache_resident_bytes{mode="all",cache="fetch"}=2691650939;ravel_cache_resident_bytes{mode="all",cache="catalog"}=0;ravel_memory_budget_bytes{mode="all"}=4400000000;ravel_memory_reserved_bytes{mode="all",component="sql"}=901289862;ravel_memory_reserved_bytes{mode="all",component="fetch"}=149777076;ravel_memory_handoff_overlap_bytes{mode="all"}=149777076
1791434587.240	1	5855935096	5915750400	8320106496	12582240	1402256529	2691650939	0	1402256529	4400000000	4106489708	4213616788	7580545024	7494782976	1	ravel_process_allocator_bytes{mode="all",allocator="jemalloc",stat="allocated"}=5855935096;ravel_process_allocator_bytes{mode="all",allocator="jemalloc",stat="active"}=5915750400;ravel_process_allocator_bytes{mode="all",allocator="jemalloc",stat="resident"}=8320106496;ravel_process_allocator_background_thread{mode="all",allocator="jemalloc"}=1;ravel_cache_resident_bytes{mode="all",cache="fetch"}=2691650939;ravel_cache_resident_bytes{mode="all",cache="catalog"}=0;ravel_memory_budget_bytes{mode="all"}=4400000000;ravel_memory_reserved_bytes{mode="all",component="sql"}=12582240;ravel_memory_reserved_bytes{mode="all",component="fetch"}=1402256529;ravel_memory_handoff_overlap_bytes{mode="all"}=1402256529
1791434592.241	1	4026337064	4059815936	6287130624	707490754	162389439	2691650939	0	162389439	4400000000	3561531132	2725599492	6283239424	6197477376	1	ravel_process_allocator_bytes{mode="all",allocator="jemalloc",stat="allocated"}=4026337064;ravel_process_allocator_bytes{mode="all",allocator="jemalloc",stat="active"}=4059815936;ravel_process_allocator_bytes{mode="all",allocator="jemalloc",stat="resident"}=6287130624;ravel_process_allocator_background_thread{mode="all",allocator="jemalloc"}=1;ravel_cache_resident_bytes{mode="all",cache="fetch"}=2691650939;ravel_cache_resident_bytes{mode="all",cache="catalog"}=0;ravel_memory_budget_bytes{mode="all"}=4400000000;ravel_memory_reserved_bytes{mode="all",component="sql"}=707490754;ravel_memory_reserved_bytes{mode="all",component="fetch"}=162389439;ravel_memory_handoff_overlap_bytes{mode="all"}=162389439
1791434597.240	1	6923832200	6972342272	10371010560	3461406962	162874382	2691650939	0	162874382	4400000000	6315932283	4055078277	9697300480	9611538432	1	ravel_process_allocator_bytes{mode="all",allocator="jemalloc",stat="allocated"}=6923832200;ravel_process_allocator_bytes{mode="all",allocator="jemalloc",stat="active"}=6972342272;ravel_process_allocator_bytes{mode="all",allocator="jemalloc",stat="resident"}=10371010560;ravel_process_allocator_background_thread{mode="all",allocator="jemalloc"}=1;ravel_cache_resident_bytes{mode="all",cache="fetch"}=2691650939;ravel_cache_resident_bytes{mode="all",cache="catalog"}=0;ravel_memory_budget_bytes{mode="all"}=4400000000;ravel_memory_reserved_bytes{mode="all",component="sql"}=3461406962;ravel_memory_reserved_bytes{mode="all",component="fetch"}=162874382;ravel_memory_handoff_overlap_bytes{mode="all"}=162874382
1791434602.239	1	4233165520	4268167168	8144097280	687926540	192480191	2691650939	0	192480191	4400000000	3572057670	4572039610	8067620864	7981858816	1	ravel_process_allocator_bytes{mode="all",allocator="jemalloc",stat="allocated"}=4233165520;ravel_process_allocator_bytes{mode="all",allocator="jemalloc",stat="active"}=4268167168;ravel_process_allocator_bytes{mode="all",allocator="jemalloc",stat="resident"}=8144097280;ravel_process_allocator_background_thread{mode="all",allocator="jemalloc"}=1;ravel_cache_resident_bytes{mode="all",cache="fetch"}=2691650939;ravel_cache_resident_bytes{mode="all",cache="catalog"}=0;ravel_memory_budget_bytes{mode="all"}=4400000000;ravel_memory_reserved_bytes{mode="all",component="sql"}=687926540;ravel_memory_reserved_bytes{mode="all",component="fetch"}=192480191;ravel_memory_handoff_overlap_bytes{mode="all"}=192480191
1791434607.239	1	4522984456	4566802432	6739795968	1139019696	181419270	2691650939	0	181419270	4400000000	4012089905	2727706063	6467670016	6381907968	1	ravel_process_allocator_bytes{mode="all",allocator="jemalloc",stat="allocated"}=4522984456;ravel_process_allocator_bytes{mode="all",allocator="jemalloc",stat="active"}=4566802432;ravel_process_allocator_bytes{mode="all",allocator="jemalloc",stat="resident"}=6739795968;ravel_process_allocator_background_thread{mode="all",allocator="jemalloc"}=1;ravel_cache_resident_bytes{mode="all",cache="fetch"}=2691650939;ravel_cache_resident_bytes{mode="all",cache="catalog"}=0;ravel_memory_budget_bytes{mode="all"}=4400000000;ravel_memory_reserved_bytes{mode="all",component="sql"}=1139019696;ravel_memory_reserved_bytes{mode="all",component="fetch"}=181419270;ravel_memory_handoff_overlap_bytes{mode="all"}=181419270
1791434612.240	1	5558272336	5596372992	9985863680	2273126621	230290660	2691650939	0	230290660	4400000000	5195068220	4790795460	9199206400	9113444352	1	ravel_process_allocator_bytes{mode="all",allocator="jemalloc",stat="allocated"}=5558272336;ravel_process_allocator_bytes{mode="all",allocator="jemalloc",stat="active"}=5596372992;ravel_process_allocator_bytes{mode="all",allocator="jemalloc",stat="resident"}=9985863680;ravel_process_allocator_background_thread{mode="all",allocator="jemalloc"}=1;ravel_cache_resident_bytes{mode="all",cache="fetch"}=2691650939;ravel_cache_resident_bytes{mode="all",cache="catalog"}=0;ravel_memory_budget_bytes{mode="all"}=4400000000;ravel_memory_reserved_bytes{mode="all",component="sql"}=2273126621;ravel_memory_reserved_bytes{mode="all",component="fetch"}=230290660;ravel_memory_handoff_overlap_bytes{mode="all"}=230290660
1791434617.240	1	5288296776	5326385152	10781495296	1774210549	137028022	2691650939	0	137028022	4400000000	4602889510	6178605786	10435170304	10349408256	1	ravel_process_allocator_bytes{mode="all",allocator="jemalloc",stat="allocated"}=5288296776;ravel_process_allocator_bytes{mode="all",allocator="jemalloc",stat="active"}=5326385152;ravel_process_allocator_bytes{mode="all",allocator="jemalloc",stat="resident"}=10781495296;ravel_process_allocator_background_thread{mode="all",allocator="jemalloc"}=1;ravel_cache_resident_bytes{mode="all",cache="fetch"}=2691650939;ravel_cache_resident_bytes{mode="all",cache="catalog"}=0;ravel_memory_budget_bytes{mode="all"}=4400000000;ravel_memory_reserved_bytes{mode="all",component="sql"}=1774210549;ravel_memory_reserved_bytes{mode="all",component="fetch"}=137028022;ravel_memory_handoff_overlap_bytes{mode="all"}=137028022
1791434622.240	1	4417323232	4452282368	8318377984	935691979	169221171	2691650939	0	169221171	4400000000	3796564089	4521813895	8155475968	8069713920	1	ravel_process_allocator_bytes{mode="all",allocator="jemalloc",stat="allocated"}=4417323232;ravel_process_allocator_bytes{mode="all",allocator="jemalloc",stat="active"}=4452282368;ravel_process_allocator_bytes{mode="all",allocator="jemalloc",stat="resident"}=8318377984;ravel_process_allocator_background_thread{mode="all",allocator="jemalloc"}=1;ravel_cache_resident_bytes{mode="all",cache="fetch"}=2691650939;ravel_cache_resident_bytes{mode="all",cache="catalog"}=0;ravel_memory_budget_bytes{mode="all"}=4400000000;ravel_memory_reserved_bytes{mode="all",component="sql"}=935691979;ravel_memory_reserved_bytes{mode="all",component="fetch"}=169221171;ravel_memory_handoff_overlap_bytes{mode="all"}=169221171
1791434627.239	1	5008769368	5048315904	8767569920	1260096822	377208229	2691650939	0	377208229	4400000000	4328955990	4438613930	8179593216	8093831168	1	ravel_process_allocator_bytes{mode="all",allocator="jemalloc",stat="allocated"}=5008769368;ravel_process_allocator_bytes{mode="all",allocator="jemalloc",stat="active"}=5048315904;ravel_process_allocator_bytes{mode="all",allocator="jemalloc",stat="resident"}=8767569920;ravel_process_allocator_background_thread{mode="all",allocator="jemalloc"}=1;ravel_cache_resident_bytes{mode="all",cache="fetch"}=2691650939;ravel_cache_resident_bytes{mode="all",cache="catalog"}=0;ravel_memory_budget_bytes{mode="all"}=4400000000;ravel_memory_reserved_bytes{mode="all",component="sql"}=1260096822;ravel_memory_reserved_bytes{mode="all",component="fetch"}=377208229;ravel_memory_handoff_overlap_bytes{mode="all"}=377208229
1791434632.239	1	6315223432	6364839936	9419497472	2694819603	190807332	2691650939	0	190807332	4400000000	5577277874	3842219598	8823820288	8738058240	1	ravel_process_allocator_bytes{mode="all",allocator="jemalloc",stat="allocated"}=6315223432;ravel_process_allocator_bytes{mode="all",allocator="jemalloc",stat="active"}=6364839936;ravel_process_allocator_bytes{mode="all",allocator="jemalloc",stat="resident"}=9419497472;ravel_process_allocator_background_thread{mode="all",allocator="jemalloc"}=1;ravel_cache_resident_bytes{mode="all",cache="fetch"}=2691650939;ravel_cache_resident_bytes{mode="all",cache="catalog"}=0;ravel_memory_budget_bytes{mode="all"}=4400000000;ravel_memory_reserved_bytes{mode="all",component="sql"}=2694819603;ravel_memory_reserved_bytes{mode="all",component="fetch"}=190807332;ravel_memory_handoff_overlap_bytes{mode="all"}=190807332
1791434637.240	1	4214305360	4257009664	7320731648	333600566	487880288	2691650939	0	487880288	4400000000	3513131793	3807599855	6972080128	6886318080	1	ravel_process_allocator_bytes{mode="all",allocator="jemalloc",stat="allocated"}=4214305360;ravel_process_allocator_bytes{mode="all",allocator="jemalloc",stat="active"}=4257009664;ravel_process_allocator_bytes{mode="all",allocator="jemalloc",stat="resident"}=7320731648;ravel_process_allocator_background_thread{mode="all",allocator="jemalloc"}=1;ravel_cache_resident_bytes{mode="all",cache="fetch"}=2691650939;ravel_cache_resident_bytes{mode="all",cache="catalog"}=0;ravel_memory_budget_bytes{mode="all"}=4400000000;ravel_memory_reserved_bytes{mode="all",component="sql"}=333600566;ravel_memory_reserved_bytes{mode="all",component="fetch"}=487880288;ravel_memory_handoff_overlap_bytes{mode="all"}=487880288
1791434642.240	1	5004435960	5038874624	7623979008	1237493828	313007287	2691650939	0	313007287	4400000000	4242152054	3381826954	7385182208	7299420160	1	ravel_process_allocator_bytes{mode="all",allocator="jemalloc",stat="allocated"}=5004435960;ravel_process_allocator_bytes{mode="all",allocator="jemalloc",stat="active"}=5038874624;ravel_process_allocator_bytes{mode="all",allocator="jemalloc",stat="resident"}=7623979008;ravel_process_allocator_background_thread{mode="all",allocator="jemalloc"}=1;ravel_cache_resident_bytes{mode="all",cache="fetch"}=2691650939;ravel_cache_resident_bytes{mode="all",cache="catalog"}=0;ravel_memory_budget_bytes{mode="all"}=4400000000;ravel_memory_reserved_bytes{mode="all",component="sql"}=1237493828;ravel_memory_reserved_bytes{mode="all",component="fetch"}=313007287;ravel_memory_handoff_overlap_bytes{mode="all"}=313007287
1791434647.240	1	4852436200	4892217344	6822862848	1716717936	172311402	2691650939	0	172311402	4400000000	4580680277	2242182571	6385815552	6300053504	1	ravel_process_allocator_bytes{mode="all",allocator="jemalloc",stat="allocated"}=4852436200;ravel_process_allocator_bytes{mode="all",allocator="jemalloc",stat="active"}=4892217344;ravel_process_allocator_bytes{mode="all",allocator="jemalloc",stat="resident"}=6822862848;ravel_process_allocator_background_thread{mode="all",allocator="jemalloc"}=1;ravel_cache_resident_bytes{mode="all",cache="fetch"}=2691650939;ravel_cache_resident_bytes{mode="all",cache="catalog"}=0;ravel_memory_budget_bytes{mode="all"}=4400000000;ravel_memory_reserved_bytes{mode="all",component="sql"}=1716717936;ravel_memory_reserved_bytes{mode="all",component="fetch"}=172311402;ravel_memory_handoff_overlap_bytes{mode="all"}=172311402
1791434652.240	1	7056801272	7104143360	11054403584	3111267650	374266390	2691650939	0	374266390	4400000000	6177184979	4877218605	9389666304	9303904256	1	ravel_process_allocator_bytes{mode="all",allocator="jemalloc",stat="allocated"}=7056801272;ravel_process_allocator_bytes{mode="all",allocator="jemalloc",stat="active"}=7104143360;ravel_process_allocator_bytes{mode="all",allocator="jemalloc",stat="resident"}=11054403584;ravel_process_allocator_background_thread{mode="all",allocator="jemalloc"}=1;ravel_cache_resident_bytes{mode="all",cache="fetch"}=2691650939;ravel_cache_resident_bytes{mode="all",cache="catalog"}=0;ravel_memory_budget_bytes{mode="all"}=4400000000;ravel_memory_reserved_bytes{mode="all",component="sql"}=3111267650;ravel_memory_reserved_bytes{mode="all",component="fetch"}=374266390;ravel_memory_handoff_overlap_bytes{mode="all"}=374266390
1791434657.240	1	3149399936	3182514176	7821361152	215199144	22452029	2691650939	0	22452029	4400000000	2929302112	4892059040	7793213440	7707451392	1	ravel_process_allocator_bytes{mode="all",allocator="jemalloc",stat="allocated"}=3149399936;ravel_process_allocator_bytes{mode="all",allocator="jemalloc",stat="active"}=3182514176;ravel_process_allocator_bytes{mode="all",allocator="jemalloc",stat="resident"}=7821361152;ravel_process_allocator_background_thread{mode="all",allocator="jemalloc"}=1;ravel_cache_resident_bytes{mode="all",cache="fetch"}=2691650939;ravel_cache_resident_bytes{mode="all",cache="catalog"}=0;ravel_memory_budget_bytes{mode="all"}=4400000000;ravel_memory_reserved_bytes{mode="all",component="sql"}=215199144;ravel_memory_reserved_bytes{mode="all",component="fetch"}=22452029;ravel_memory_handoff_overlap_bytes{mode="all"}=22452029
1791434662.240	1	4816117664	4860248064	7316865024	1463993753	133825411	2691650939	0	133825411	4400000000	4289470103	3027394921	7029886976	6944124928	1	ravel_process_allocator_bytes{mode="all",allocator="jemalloc",stat="allocated"}=4816117664;ravel_process_allocator_bytes{mode="all",allocator="jemalloc",stat="active"}=4860248064;ravel_process_allocator_bytes{mode="all",allocator="jemalloc",stat="resident"}=7316865024;ravel_process_allocator_background_thread{mode="all",allocator="jemalloc"}=1;ravel_cache_resident_bytes{mode="all",cache="fetch"}=2691650939;ravel_cache_resident_bytes{mode="all",cache="catalog"}=0;ravel_memory_budget_bytes{mode="all"}=4400000000;ravel_memory_reserved_bytes{mode="all",component="sql"}=1463993753;ravel_memory_reserved_bytes{mode="all",component="fetch"}=133825411;ravel_memory_handoff_overlap_bytes{mode="all"}=133825411
1791434667.239	1	5747351432	5785333760	8581222400	1631280140	169326445	2691650939	0	169326445	4400000000	4492257524	4088964876	8853463040	8767700992	1	ravel_process_allocator_bytes{mode="all",allocator="jemalloc",stat="allocated"}=5747351432;ravel_process_allocator_bytes{mode="all",allocator="jemalloc",stat="active"}=5785333760;ravel_process_allocator_bytes{mode="all",allocator="jemalloc",stat="resident"}=8581222400;ravel_process_allocator_background_thread{mode="all",allocator="jemalloc"}=1;ravel_cache_resident_bytes{mode="all",cache="fetch"}=2691650939;ravel_cache_resident_bytes{mode="all",cache="catalog"}=0;ravel_memory_budget_bytes{mode="all"}=4400000000;ravel_memory_reserved_bytes{mode="all",component="sql"}=1631280140;ravel_memory_reserved_bytes{mode="all",component="fetch"}=169326445;ravel_memory_handoff_overlap_bytes{mode="all"}=169326445
1791434672.239	1	5041838824	5077897216	8989061120	1705833995	41817702	2691650939	0	41817702	4400000000	4439302636	4549758484	8828739584	8742977536	1	ravel_process_allocator_bytes{mode="all",allocator="jemalloc",stat="allocated"}=5041838824;ravel_process_allocator_bytes{mode="all",allocator="jemalloc",stat="active"}=5077897216;ravel_process_allocator_bytes{mode="all",allocator="jemalloc",stat="resident"}=8989061120;ravel_process_allocator_background_thread{mode="all",allocator="jemalloc"}=1;ravel_cache_resident_bytes{mode="all",cache="fetch"}=2691650939;ravel_cache_resident_bytes{mode="all",cache="catalog"}=0;ravel_memory_budget_bytes{mode="all"}=4400000000;ravel_memory_reserved_bytes{mode="all",component="sql"}=1705833995;ravel_memory_reserved_bytes{mode="all",component="fetch"}=41817702;ravel_memory_handoff_overlap_bytes{mode="all"}=41817702
1791434677.239	1	2716905744	2745880576	4609851392	0	0	2691650939	0	0	4400000000	2691650939	1918200453	4664946688	4579184640	1	ravel_process_allocator_bytes{mode="all",allocator="jemalloc",stat="allocated"}=2716905744;ravel_process_allocator_bytes{mode="all",allocator="jemalloc",stat="active"}=2745880576;ravel_process_allocator_bytes{mode="all",allocator="jemalloc",stat="resident"}=4609851392;ravel_process_allocator_background_thread{mode="all",allocator="jemalloc"}=1;ravel_cache_resident_bytes{mode="all",cache="fetch"}=2691650939;ravel_cache_resident_bytes{mode="all",cache="catalog"}=0;ravel_memory_budget_bytes{mode="all"}=4400000000;ravel_memory_reserved_bytes{mode="all",component="sql"}=0;ravel_memory_reserved_bytes{mode="all",component="fetch"}=0;ravel_memory_handoff_overlap_bytes{mode="all"}=0
1791434682.239	1	2716885432	2745864192	2814816256	0	0	2691650939	0	0	4400000000	2691650939	123165317	2895912960	2810150912	1	ravel_process_allocator_bytes{mode="all",allocator="jemalloc",stat="allocated"}=2716885432;ravel_process_allocator_bytes{mode="all",allocator="jemalloc",stat="active"}=2745864192;ravel_process_allocator_bytes{mode="all",allocator="jemalloc",stat="resident"}=2814816256;ravel_process_allocator_background_thread{mode="all",allocator="jemalloc"}=1;ravel_cache_resident_bytes{mode="all",cache="fetch"}=2691650939;ravel_cache_resident_bytes{mode="all",cache="catalog"}=0;ravel_memory_budget_bytes{mode="all"}=4400000000;ravel_memory_reserved_bytes{mode="all",component="sql"}=0;ravel_memory_reserved_bytes{mode="all",component="fetch"}=0;ravel_memory_handoff_overlap_bytes{mode="all"}=0
1791434687.239	1	2716862832	2745835520	2814816256	0	0	2691650939	0	0	4400000000	2691650939	123165317	2895912960	2810150912	1	ravel_process_allocator_bytes{mode="all",allocator="jemalloc",stat="allocated"}=2716862832;ravel_process_allocator_bytes{mode="all",allocator="jemalloc",stat="active"}=2745835520;ravel_process_allocator_bytes{mode="all",allocator="jemalloc",stat="resident"}=2814816256;ravel_process_allocator_background_thread{mode="all",allocator="jemalloc"}=1;ravel_cache_resident_bytes{mode="all",cache="fetch"}=2691650939;ravel_cache_resident_bytes{mode="all",cache="catalog"}=0;ravel_memory_budget_bytes{mode="all"}=4400000000;ravel_memory_reserved_bytes{mode="all",component="sql"}=0;ravel_memory_reserved_bytes{mode="all",component="fetch"}=0;ravel_memory_handoff_overlap_bytes{mode="all"}=0
1791434692.239	1	2716854368	2745823232	2801524736	0	0	2691650939	0	0	4400000000	2691650939	109873797	2882621440	2796859392	1	ravel_process_allocator_bytes{mode="all",allocator="jemalloc",stat="allocated"}=2716854368;ravel_process_allocator_bytes{mode="all",allocator="jemalloc",stat="active"}=2745823232;ravel_process_allocator_bytes{mode="all",allocator="jemalloc",stat="resident"}=2801524736;ravel_process_allocator_background_thread{mode="all",allocator="jemalloc"}=1;ravel_cache_resident_bytes{mode="all",cache="fetch"}=2691650939;ravel_cache_resident_bytes{mode="all",cache="catalog"}=0;ravel_memory_budget_bytes{mode="all"}=4400000000;ravel_memory_reserved_bytes{mode="all",component="sql"}=0;ravel_memory_reserved_bytes{mode="all",component="fetch"}=0;ravel_memory_handoff_overlap_bytes{mode="all"}=0
1791434697.239	1	2716541520	2745466880	2801741824	0	0	2691650939	0	0	4400000000	2691650939	110090885	2882760704	2796998656	1	ravel_process_allocator_bytes{mode="all",allocator="jemalloc",stat="allocated"}=2716541520;ravel_process_allocator_bytes{mode="all",allocator="jemalloc",stat="active"}=2745466880;ravel_process_allocator_bytes{mode="all",allocator="jemalloc",stat="resident"}=2801741824;ravel_process_allocator_background_thread{mode="all",allocator="jemalloc"}=1;ravel_cache_resident_bytes{mode="all",cache="fetch"}=2691650939;ravel_cache_resident_bytes{mode="all",cache="catalog"}=0;ravel_memory_budget_bytes{mode="all"}=4400000000;ravel_memory_reserved_bytes{mode="all",component="sql"}=0;ravel_memory_reserved_bytes{mode="all",component="fetch"}=0;ravel_memory_handoff_overlap_bytes{mode="all"}=0
1791434702.239	1	2716490320	2745401344	2801487872	0	0	2691650939	0	0	4400000000	2691650939	109836933	2882506752	2796744704	1	ravel_process_allocator_bytes{mode="all",allocator="jemalloc",stat="allocated"}=2716490320;ravel_process_allocator_bytes{mode="all",allocator="jemalloc",stat="active"}=2745401344;ravel_process_allocator_bytes{mode="all",allocator="jemalloc",stat="resident"}=2801487872;ravel_process_allocator_background_thread{mode="all",allocator="jemalloc"}=1;ravel_cache_resident_bytes{mode="all",cache="fetch"}=2691650939;ravel_cache_resident_bytes{mode="all",cache="catalog"}=0;ravel_memory_budget_bytes{mode="all"}=4400000000;ravel_memory_reserved_bytes{mode="all",component="sql"}=0;ravel_memory_reserved_bytes{mode="all",component="fetch"}=0;ravel_memory_handoff_overlap_bytes{mode="all"}=0
1791434707.239	1	2716487360	2745413632	2801401856	0	0	2691650939	0	0	4400000000	2691650939	109750917	2882416640	2796654592	1	ravel_process_allocator_bytes{mode="all",allocator="jemalloc",stat="allocated"}=2716487360;ravel_process_allocator_bytes{mode="all",allocator="jemalloc",stat="active"}=2745413632;ravel_process_allocator_bytes{mode="all",allocator="jemalloc",stat="resident"}=2801401856;ravel_process_allocator_background_thread{mode="all",allocator="jemalloc"}=1;ravel_cache_resident_bytes{mode="all",cache="fetch"}=2691650939;ravel_cache_resident_bytes{mode="all",cache="catalog"}=0;ravel_memory_budget_bytes{mode="all"}=4400000000;ravel_memory_reserved_bytes{mode="all",component="sql"}=0;ravel_memory_reserved_bytes{mode="all",component="fetch"}=0;ravel_memory_handoff_overlap_bytes{mode="all"}=0
1791434712.239	1	2716463840	2745376768	2801401856	0	0	2691650939	0	0	4400000000	2691650939	109750917	2882416640	2796654592	1	ravel_process_allocator_bytes{mode="all",allocator="jemalloc",stat="allocated"}=2716463840;ravel_process_allocator_bytes{mode="all",allocator="jemalloc",stat="active"}=2745376768;ravel_process_allocator_bytes{mode="all",allocator="jemalloc",stat="resident"}=2801401856;ravel_process_allocator_background_thread{mode="all",allocator="jemalloc"}=1;ravel_cache_resident_bytes{mode="all",cache="fetch"}=2691650939;ravel_cache_resident_bytes{mode="all",cache="catalog"}=0;ravel_memory_budget_bytes{mode="all"}=4400000000;ravel_memory_reserved_bytes{mode="all",component="sql"}=0;ravel_memory_reserved_bytes{mode="all",component="fetch"}=0;ravel_memory_handoff_overlap_bytes{mode="all"}=0
1791434717.239	1	2716469216	2745401344	2801356800	0	0	2691650939	0	0	4400000000	2691650939	109705861	2882375680	2796613632	1	ravel_process_allocator_bytes{mode="all",allocator="jemalloc",stat="allocated"}=2716469216;ravel_process_allocator_bytes{mode="all",allocator="jemalloc",stat="active"}=2745401344;ravel_process_allocator_bytes{mode="all",allocator="jemalloc",stat="resident"}=2801356800;ravel_process_allocator_background_thread{mode="all",allocator="jemalloc"}=1;ravel_cache_resident_bytes{mode="all",cache="fetch"}=2691650939;ravel_cache_resident_bytes{mode="all",cache="catalog"}=0;ravel_memory_budget_bytes{mode="all"}=4400000000;ravel_memory_reserved_bytes{mode="all",component="sql"}=0;ravel_memory_reserved_bytes{mode="all",component="fetch"}=0;ravel_memory_handoff_overlap_bytes{mode="all"}=0
1791434722.239	1	2716206568	2745114624	2801356800	0	0	2691650939	0	0	4400000000	2691650939	109705861	2882375680	2796613632	1	ravel_process_allocator_bytes{mode="all",allocator="jemalloc",stat="allocated"}=2716206568;ravel_process_allocator_bytes{mode="all",allocator="jemalloc",stat="active"}=2745114624;ravel_process_allocator_bytes{mode="all",allocator="jemalloc",stat="resident"}=2801356800;ravel_process_allocator_background_thread{mode="all",allocator="jemalloc"}=1;ravel_cache_resident_bytes{mode="all",cache="fetch"}=2691650939;ravel_cache_resident_bytes{mode="all",cache="catalog"}=0;ravel_memory_budget_bytes{mode="all"}=4400000000;ravel_memory_reserved_bytes{mode="all",component="sql"}=0;ravel_memory_reserved_bytes{mode="all",component="fetch"}=0;ravel_memory_handoff_overlap_bytes{mode="all"}=0
1791434727.239	1	2716070968	2744872960	2801102848	0	0	2691650939	0	0	4400000000	2691650939	109451909	2882187264	2796425216	1	ravel_process_allocator_bytes{mode="all",allocator="jemalloc",stat="allocated"}=2716070968;ravel_process_allocator_bytes{mode="all",allocator="jemalloc",stat="active"}=2744872960;ravel_process_allocator_bytes{mode="all",allocator="jemalloc",stat="resident"}=2801102848;ravel_process_allocator_background_thread{mode="all",allocator="jemalloc"}=1;ravel_cache_resident_bytes{mode="all",cache="fetch"}=2691650939;ravel_cache_resident_bytes{mode="all",cache="catalog"}=0;ravel_memory_budget_bytes{mode="all"}=4400000000;ravel_memory_reserved_bytes{mode="all",component="sql"}=0;ravel_memory_reserved_bytes{mode="all",component="fetch"}=0;ravel_memory_handoff_overlap_bytes{mode="all"}=0
1791434732.239	1	2716057880	2744807424	2801242112	0	0	2691650939	0	0	4400000000	2691650939	109591173	2882244608	2796482560	1	ravel_process_allocator_bytes{mode="all",allocator="jemalloc",stat="allocated"}=2716057880;ravel_process_allocator_bytes{mode="all",allocator="jemalloc",stat="active"}=2744807424;ravel_process_allocator_bytes{mode="all",allocator="jemalloc",stat="resident"}=2801242112;ravel_process_allocator_background_thread{mode="all",allocator="jemalloc"}=1;ravel_cache_resident_bytes{mode="all",cache="fetch"}=2691650939;ravel_cache_resident_bytes{mode="all",cache="catalog"}=0;ravel_memory_budget_bytes{mode="all"}=4400000000;ravel_memory_reserved_bytes{mode="all",component="sql"}=0;ravel_memory_reserved_bytes{mode="all",component="fetch"}=0;ravel_memory_handoff_overlap_bytes{mode="all"}=0
1791434737.239	1	2715838808	2744582144	2801233920	0	0	2691650939	0	0	4400000000	2691650939	109582981	2882240512	2796478464	1	ravel_process_allocator_bytes{mode="all",allocator="jemalloc",stat="allocated"}=2715838808;ravel_process_allocator_bytes{mode="all",allocator="jemalloc",stat="active"}=2744582144;ravel_process_allocator_bytes{mode="all",allocator="jemalloc",stat="resident"}=2801233920;ravel_process_allocator_background_thread{mode="all",allocator="jemalloc"}=1;ravel_cache_resident_bytes{mode="all",cache="fetch"}=2691650939;ravel_cache_resident_bytes{mode="all",cache="catalog"}=0;ravel_memory_budget_bytes{mode="all"}=4400000000;ravel_memory_reserved_bytes{mode="all",component="sql"}=0;ravel_memory_reserved_bytes{mode="all",component="fetch"}=0;ravel_memory_handoff_overlap_bytes{mode="all"}=0
1791434742.239	1	2715553944	2744336384	2800726016	0	0	2691650939	0	0	4400000000	2691650939	109075077	2881728512	2795966464	1	ravel_process_allocator_bytes{mode="all",allocator="jemalloc",stat="allocated"}=2715553944;ravel_process_allocator_bytes{mode="all",allocator="jemalloc",stat="active"}=2744336384;ravel_process_allocator_bytes{mode="all",allocator="jemalloc",stat="resident"}=2800726016;ravel_process_allocator_background_thread{mode="all",allocator="jemalloc"}=1;ravel_cache_resident_bytes{mode="all",cache="fetch"}=2691650939;ravel_cache_resident_bytes{mode="all",cache="catalog"}=0;ravel_memory_budget_bytes{mode="all"}=4400000000;ravel_memory_reserved_bytes{mode="all",component="sql"}=0;ravel_memory_reserved_bytes{mode="all",component="fetch"}=0;ravel_memory_handoff_overlap_bytes{mode="all"}=0
1791434747.239	1	2715602520	2744258560	2800697344	0	0	2691650939	0	0	4400000000	2691650939	109046405	2881699840	2795937792	1	ravel_process_allocator_bytes{mode="all",allocator="jemalloc",stat="allocated"}=2715602520;ravel_process_allocator_bytes{mode="all",allocator="jemalloc",stat="active"}=2744258560;ravel_process_allocator_bytes{mode="all",allocator="jemalloc",stat="resident"}=2800697344;ravel_process_allocator_background_thread{mode="all",allocator="jemalloc"}=1;ravel_cache_resident_bytes{mode="all",cache="fetch"}=2691650939;ravel_cache_resident_bytes{mode="all",cache="catalog"}=0;ravel_memory_budget_bytes{mode="all"}=4400000000;ravel_memory_reserved_bytes{mode="all",component="sql"}=0;ravel_memory_reserved_bytes{mode="all",component="fetch"}=0;ravel_memory_handoff_overlap_bytes{mode="all"}=0
1791434752.239	1	2715513544	2744156160	2800410624	0	0	2691650939	0	0	4400000000	2691650939	108759685	2881409024	2795646976	1	ravel_process_allocator_bytes{mode="all",allocator="jemalloc",stat="allocated"}=2715513544;ravel_process_allocator_bytes{mode="all",allocator="jemalloc",stat="active"}=2744156160;ravel_process_allocator_bytes{mode="all",allocator="jemalloc",stat="resident"}=2800410624;ravel_process_allocator_background_thread{mode="all",allocator="jemalloc"}=1;ravel_cache_resident_bytes{mode="all",cache="fetch"}=2691650939;ravel_cache_resident_bytes{mode="all",cache="catalog"}=0;ravel_memory_budget_bytes{mode="all"}=4400000000;ravel_memory_reserved_bytes{mode="all",component="sql"}=0;ravel_memory_reserved_bytes{mode="all",component="fetch"}=0;ravel_memory_handoff_overlap_bytes{mode="all"}=0
1791434757.239	1	2715454264	2744053760	2800394240	0	0	2691650939	0	0	4400000000	2691650939	108743301	2881404928	2795642880	1	ravel_process_allocator_bytes{mode="all",allocator="jemalloc",stat="allocated"}=2715454264;ravel_process_allocator_bytes{mode="all",allocator="jemalloc",stat="active"}=2744053760;ravel_process_allocator_bytes{mode="all",allocator="jemalloc",stat="resident"}=2800394240;ravel_process_allocator_background_thread{mode="all",allocator="jemalloc"}=1;ravel_cache_resident_bytes{mode="all",cache="fetch"}=2691650939;ravel_cache_resident_bytes{mode="all",cache="catalog"}=0;ravel_memory_budget_bytes{mode="all"}=4400000000;ravel_memory_reserved_bytes{mode="all",component="sql"}=0;ravel_memory_reserved_bytes{mode="all",component="fetch"}=0;ravel_memory_handoff_overlap_bytes{mode="all"}=0
1791434762.239	1	2715446280	2744061952	2799828992	0	0	2691650939	0	0	4400000000	2691650939	108178053	2880905216	2795143168	1	ravel_process_allocator_bytes{mode="all",allocator="jemalloc",stat="allocated"}=2715446280;ravel_process_allocator_bytes{mode="all",allocator="jemalloc",stat="active"}=2744061952;ravel_process_allocator_bytes{mode="all",allocator="jemalloc",stat="resident"}=2799828992;ravel_process_allocator_background_thread{mode="all",allocator="jemalloc"}=1;ravel_cache_resident_bytes{mode="all",cache="fetch"}=2691650939;ravel_cache_resident_bytes{mode="all",cache="catalog"}=0;ravel_memory_budget_bytes{mode="all"}=4400000000;ravel_memory_reserved_bytes{mode="all",component="sql"}=0;ravel_memory_reserved_bytes{mode="all",component="fetch"}=0;ravel_memory_handoff_overlap_bytes{mode="all"}=0
1791434767.239	1	2715432488	2744041472	2800091136	0	0	2691650939	0	0	4400000000	2691650939	108440197	2881097728	2795335680	1	ravel_process_allocator_bytes{mode="all",allocator="jemalloc",stat="allocated"}=2715432488;ravel_process_allocator_bytes{mode="all",allocator="jemalloc",stat="active"}=2744041472;ravel_process_allocator_bytes{mode="all",allocator="jemalloc",stat="resident"}=2800091136;ravel_process_allocator_background_thread{mode="all",allocator="jemalloc"}=1;ravel_cache_resident_bytes{mode="all",cache="fetch"}=2691650939;ravel_cache_resident_bytes{mode="all",cache="catalog"}=0;ravel_memory_budget_bytes{mode="all"}=4400000000;ravel_memory_reserved_bytes{mode="all",component="sql"}=0;ravel_memory_reserved_bytes{mode="all",component="fetch"}=0;ravel_memory_handoff_overlap_bytes{mode="all"}=0
1791434772.239	1	2715446440	2744041472	2799767552	0	0	2691650939	0	0	4400000000	2691650939	108116613	2880851968	2795089920	1	ravel_process_allocator_bytes{mode="all",allocator="jemalloc",stat="allocated"}=2715446440;ravel_process_allocator_bytes{mode="all",allocator="jemalloc",stat="active"}=2744041472;ravel_process_allocator_bytes{mode="all",allocator="jemalloc",stat="resident"}=2799767552;ravel_process_allocator_background_thread{mode="all",allocator="jemalloc"}=1;ravel_cache_resident_bytes{mode="all",cache="fetch"}=2691650939;ravel_cache_resident_bytes{mode="all",cache="catalog"}=0;ravel_memory_budget_bytes{mode="all"}=4400000000;ravel_memory_reserved_bytes{mode="all",component="sql"}=0;ravel_memory_reserved_bytes{mode="all",component="fetch"}=0;ravel_memory_handoff_overlap_bytes{mode="all"}=0
1791434777.239	1	2715409320	2744004608	2800054272	0	0	2691650939	0	0	4400000000	2691650939	108403333	2881056768	2795294720	1	ravel_process_allocator_bytes{mode="all",allocator="jemalloc",stat="allocated"}=2715409320;ravel_process_allocator_bytes{mode="all",allocator="jemalloc",stat="active"}=2744004608;ravel_process_allocator_bytes{mode="all",allocator="jemalloc",stat="resident"}=2800054272;ravel_process_allocator_background_thread{mode="all",allocator="jemalloc"}=1;ravel_cache_resident_bytes{mode="all",cache="fetch"}=2691650939;ravel_cache_resident_bytes{mode="all",cache="catalog"}=0;ravel_memory_budget_bytes{mode="all"}=4400000000;ravel_memory_reserved_bytes{mode="all",component="sql"}=0;ravel_memory_reserved_bytes{mode="all",component="fetch"}=0;ravel_memory_handoff_overlap_bytes{mode="all"}=0
1791434782.239	1	2715375208	2743963648	2800283648	0	0	2691650939	0	0	4400000000	2691650939	108632709	2881228800	2795466752	1	ravel_process_allocator_bytes{mode="all",allocator="jemalloc",stat="allocated"}=2715375208;ravel_process_allocator_bytes{mode="all",allocator="jemalloc",stat="active"}=2743963648;ravel_process_allocator_bytes{mode="all",allocator="jemalloc",stat="resident"}=2800283648;ravel_process_allocator_background_thread{mode="all",allocator="jemalloc"}=1;ravel_cache_resident_bytes{mode="all",cache="fetch"}=2691650939;ravel_cache_resident_bytes{mode="all",cache="catalog"}=0;ravel_memory_budget_bytes{mode="all"}=4400000000;ravel_memory_reserved_bytes{mode="all",component="sql"}=0;ravel_memory_reserved_bytes{mode="all",component="fetch"}=0;ravel_memory_handoff_overlap_bytes{mode="all"}=0
1791434787.239	1	2715251672	2743767040	2800283648	0	0	2691650939	0	0	4400000000	2691650939	108632709	2881208320	2795446272	1	ravel_process_allocator_bytes{mode="all",allocator="jemalloc",stat="allocated"}=2715251672;ravel_process_allocator_bytes{mode="all",allocator="jemalloc",stat="active"}=2743767040;ravel_process_allocator_bytes{mode="all",allocator="jemalloc",stat="resident"}=2800283648;ravel_process_allocator_background_thread{mode="all",allocator="jemalloc"}=1;ravel_cache_resident_bytes{mode="all",cache="fetch"}=2691650939;ravel_cache_resident_bytes{mode="all",cache="catalog"}=0;ravel_memory_budget_bytes{mode="all"}=4400000000;ravel_memory_reserved_bytes{mode="all",component="sql"}=0;ravel_memory_reserved_bytes{mode="all",component="fetch"}=0;ravel_memory_handoff_overlap_bytes{mode="all"}=0
1791434792.239	1	2715231912	2743767040	2800283648	0	0	2691650939	0	0	4400000000	2691650939	108632709	2881208320	2795446272	1	ravel_process_allocator_bytes{mode="all",allocator="jemalloc",stat="allocated"}=2715231912;ravel_process_allocator_bytes{mode="all",allocator="jemalloc",stat="active"}=2743767040;ravel_process_allocator_bytes{mode="all",allocator="jemalloc",stat="resident"}=2800283648;ravel_process_allocator_background_thread{mode="all",allocator="jemalloc"}=1;ravel_cache_resident_bytes{mode="all",cache="fetch"}=2691650939;ravel_cache_resident_bytes{mode="all",cache="catalog"}=0;ravel_memory_budget_bytes{mode="all"}=4400000000;ravel_memory_reserved_bytes{mode="all",component="sql"}=0;ravel_memory_reserved_bytes{mode="all",component="fetch"}=0;ravel_memory_handoff_overlap_bytes{mode="all"}=0
1791434797.239	1	2715208680	2743742464	2799792128	0	0	2691650939	0	0	4400000000	2691650939	108141189	2880802816	2795040768	1	ravel_process_allocator_bytes{mode="all",allocator="jemalloc",stat="allocated"}=2715208680;ravel_process_allocator_bytes{mode="all",allocator="jemalloc",stat="active"}=2743742464;ravel_process_allocator_bytes{mode="all",allocator="jemalloc",stat="resident"}=2799792128;ravel_process_allocator_background_thread{mode="all",allocator="jemalloc"}=1;ravel_cache_resident_bytes{mode="all",cache="fetch"}=2691650939;ravel_cache_resident_bytes{mode="all",cache="catalog"}=0;ravel_memory_budget_bytes{mode="all"}=4400000000;ravel_memory_reserved_bytes{mode="all",component="sql"}=0;ravel_memory_reserved_bytes{mode="all",component="fetch"}=0;ravel_memory_handoff_overlap_bytes{mode="all"}=0
1791434802.239	1	2715233104	2743775232	2799792128	0	0	2691650939	0	0	4400000000	2691650939	108141189	2880806912	2795044864	1	ravel_process_allocator_bytes{mode="all",allocator="jemalloc",stat="allocated"}=2715233104;ravel_process_allocator_bytes{mode="all",allocator="jemalloc",stat="active"}=2743775232;ravel_process_allocator_bytes{mode="all",allocator="jemalloc",stat="resident"}=2799792128;ravel_process_allocator_background_thread{mode="all",allocator="jemalloc"}=1;ravel_cache_resident_bytes{mode="all",cache="fetch"}=2691650939;ravel_cache_resident_bytes{mode="all",cache="catalog"}=0;ravel_memory_budget_bytes{mode="all"}=4400000000;ravel_memory_reserved_bytes{mode="all",component="sql"}=0;ravel_memory_reserved_bytes{mode="all",component="fetch"}=0;ravel_memory_handoff_overlap_bytes{mode="all"}=0
1791434807.239	1	2715235208	2743775232	2799464448	0	0	2691650939	0	0	4400000000	2691650939	107813509	2880557056	2794795008	1	ravel_process_allocator_bytes{mode="all",allocator="jemalloc",stat="allocated"}=2715235208;ravel_process_allocator_bytes{mode="all",allocator="jemalloc",stat="active"}=2743775232;ravel_process_allocator_bytes{mode="all",allocator="jemalloc",stat="resident"}=2799464448;ravel_process_allocator_background_thread{mode="all",allocator="jemalloc"}=1;ravel_cache_resident_bytes{mode="all",cache="fetch"}=2691650939;ravel_cache_resident_bytes{mode="all",cache="catalog"}=0;ravel_memory_budget_bytes{mode="all"}=4400000000;ravel_memory_reserved_bytes{mode="all",component="sql"}=0;ravel_memory_reserved_bytes{mode="all",component="fetch"}=0;ravel_memory_handoff_overlap_bytes{mode="all"}=0
1791434812.239	1	2715246616	2743791616	2799775744	0	0	2691650939	0	0	4400000000	2691650939	108124805	2880786432	2795024384	1	ravel_process_allocator_bytes{mode="all",allocator="jemalloc",stat="allocated"}=2715246616;ravel_process_allocator_bytes{mode="all",allocator="jemalloc",stat="active"}=2743791616;ravel_process_allocator_bytes{mode="all",allocator="jemalloc",stat="resident"}=2799775744;ravel_process_allocator_background_thread{mode="all",allocator="jemalloc"}=1;ravel_cache_resident_bytes{mode="all",cache="fetch"}=2691650939;ravel_cache_resident_bytes{mode="all",cache="catalog"}=0;ravel_memory_budget_bytes{mode="all"}=4400000000;ravel_memory_reserved_bytes{mode="all",component="sql"}=0;ravel_memory_reserved_bytes{mode="all",component="fetch"}=0;ravel_memory_handoff_overlap_bytes{mode="all"}=0
1791434817.239	1	2715231464	2743754752	2799489024	0	0	2691650939	0	0	4400000000	2691650939	107838085	2880786432	2795024384	1	ravel_process_allocator_bytes{mode="all",allocator="jemalloc",stat="allocated"}=2715231464;ravel_process_allocator_bytes{mode="all",allocator="jemalloc",stat="active"}=2743754752;ravel_process_allocator_bytes{mode="all",allocator="jemalloc",stat="resident"}=2799489024;ravel_process_allocator_background_thread{mode="all",allocator="jemalloc"}=1;ravel_cache_resident_bytes{mode="all",cache="fetch"}=2691650939;ravel_cache_resident_bytes{mode="all",cache="catalog"}=0;ravel_memory_budget_bytes{mode="all"}=4400000000;ravel_memory_reserved_bytes{mode="all",component="sql"}=0;ravel_memory_reserved_bytes{mode="all",component="fetch"}=0;ravel_memory_handoff_overlap_bytes{mode="all"}=0
1791434822.239	1	2715210360	2743734272	2799800320	0	0	2691650939	0	0	4400000000	2691650939	108149381	2880806912	2795044864	1	ravel_process_allocator_bytes{mode="all",allocator="jemalloc",stat="allocated"}=2715210360;ravel_process_allocator_bytes{mode="all",allocator="jemalloc",stat="active"}=2743734272;ravel_process_allocator_bytes{mode="all",allocator="jemalloc",stat="resident"}=2799800320;ravel_process_allocator_background_thread{mode="all",allocator="jemalloc"}=1;ravel_cache_resident_bytes{mode="all",cache="fetch"}=2691650939;ravel_cache_resident_bytes{mode="all",cache="catalog"}=0;ravel_memory_budget_bytes{mode="all"}=4400000000;ravel_memory_reserved_bytes{mode="all",component="sql"}=0;ravel_memory_reserved_bytes{mode="all",component="fetch"}=0;ravel_memory_handoff_overlap_bytes{mode="all"}=0
1791434827.239	1	2715186904	2743705600	2799730688	0	0	2691650939	0	0	4400000000	2691650939	108079749	2880806912	2795044864	1	ravel_process_allocator_bytes{mode="all",allocator="jemalloc",stat="allocated"}=2715186904;ravel_process_allocator_bytes{mode="all",allocator="jemalloc",stat="active"}=2743705600;ravel_process_allocator_bytes{mode="all",allocator="jemalloc",stat="resident"}=2799730688;ravel_process_allocator_background_thread{mode="all",allocator="jemalloc"}=1;ravel_cache_resident_bytes{mode="all",cache="fetch"}=2691650939;ravel_cache_resident_bytes{mode="all",cache="catalog"}=0;ravel_memory_budget_bytes{mode="all"}=4400000000;ravel_memory_reserved_bytes{mode="all",component="sql"}=0;ravel_memory_reserved_bytes{mode="all",component="fetch"}=0;ravel_memory_handoff_overlap_bytes{mode="all"}=0
1791434832.239	1	2715149592	2743648256	2799722496	0	0	2691650939	0	0	4400000000	2691650939	108071557	2880737280	2794975232	1	ravel_process_allocator_bytes{mode="all",allocator="jemalloc",stat="allocated"}=2715149592;ravel_process_allocator_bytes{mode="all",allocator="jemalloc",stat="active"}=2743648256;ravel_process_allocator_bytes{mode="all",allocator="jemalloc",stat="resident"}=2799722496;ravel_process_allocator_background_thread{mode="all",allocator="jemalloc"}=1;ravel_cache_resident_bytes{mode="all",cache="fetch"}=2691650939;ravel_cache_resident_bytes{mode="all",cache="catalog"}=0;ravel_memory_budget_bytes{mode="all"}=4400000000;ravel_memory_reserved_bytes{mode="all",component="sql"}=0;ravel_memory_reserved_bytes{mode="all",component="fetch"}=0;ravel_memory_handoff_overlap_bytes{mode="all"}=0
1791434837.239	1	2715157624	2743689216	2799403008	0	0	2691650939	0	0	4400000000	2691650939	107752069	2880737280	2794975232	1	ravel_process_allocator_bytes{mode="all",allocator="jemalloc",stat="allocated"}=2715157624;ravel_process_allocator_bytes{mode="all",allocator="jemalloc",stat="active"}=2743689216;ravel_process_allocator_bytes{mode="all",allocator="jemalloc",stat="resident"}=2799403008;ravel_process_allocator_background_thread{mode="all",allocator="jemalloc"}=1;ravel_cache_resident_bytes{mode="all",cache="fetch"}=2691650939;ravel_cache_resident_bytes{mode="all",cache="catalog"}=0;ravel_memory_budget_bytes{mode="all"}=4400000000;ravel_memory_reserved_bytes{mode="all",component="sql"}=0;ravel_memory_reserved_bytes{mode="all",component="fetch"}=0;ravel_memory_handoff_overlap_bytes{mode="all"}=0
1791434842.239	1	2715203760	2743726080	2799435776	0	0	2691650939	0	0	4400000000	2691650939	107784837	2880503808	2794741760	1	ravel_process_allocator_bytes{mode="all",allocator="jemalloc",stat="allocated"}=2715203760;ravel_process_allocator_bytes{mode="all",allocator="jemalloc",stat="active"}=2743726080;ravel_process_allocator_bytes{mode="all",allocator="jemalloc",stat="resident"}=2799435776;ravel_process_allocator_background_thread{mode="all",allocator="jemalloc"}=1;ravel_cache_resident_bytes{mode="all",cache="fetch"}=2691650939;ravel_cache_resident_bytes{mode="all",cache="catalog"}=0;ravel_memory_budget_bytes{mode="all"}=4400000000;ravel_memory_reserved_bytes{mode="all",component="sql"}=0;ravel_memory_reserved_bytes{mode="all",component="fetch"}=0;ravel_memory_handoff_overlap_bytes{mode="all"}=0
1791434847.239	1	2715196032	2743726080	2799722496	0	0	2691650939	0	0	4400000000	2691650939	108071557	2880704512	2794942464	1	ravel_process_allocator_bytes{mode="all",allocator="jemalloc",stat="allocated"}=2715196032;ravel_process_allocator_bytes{mode="all",allocator="jemalloc",stat="active"}=2743726080;ravel_process_allocator_bytes{mode="all",allocator="jemalloc",stat="resident"}=2799722496;ravel_process_allocator_background_thread{mode="all",allocator="jemalloc"}=1;ravel_cache_resident_bytes{mode="all",cache="fetch"}=2691650939;ravel_cache_resident_bytes{mode="all",cache="catalog"}=0;ravel_memory_budget_bytes{mode="all"}=4400000000;ravel_memory_reserved_bytes{mode="all",component="sql"}=0;ravel_memory_reserved_bytes{mode="all",component="fetch"}=0;ravel_memory_handoff_overlap_bytes{mode="all"}=0
1791434852.239	1	2715171712	2743685120	2799710208	0	0	2691650939	0	0	4400000000	2691650939	108059269	2880700416	2794938368	1	ravel_process_allocator_bytes{mode="all",allocator="jemalloc",stat="allocated"}=2715171712;ravel_process_allocator_bytes{mode="all",allocator="jemalloc",stat="active"}=2743685120;ravel_process_allocator_bytes{mode="all",allocator="jemalloc",stat="resident"}=2799710208;ravel_process_allocator_background_thread{mode="all",allocator="jemalloc"}=1;ravel_cache_resident_bytes{mode="all",cache="fetch"}=2691650939;ravel_cache_resident_bytes{mode="all",cache="catalog"}=0;ravel_memory_budget_bytes{mode="all"}=4400000000;ravel_memory_reserved_bytes{mode="all",component="sql"}=0;ravel_memory_reserved_bytes{mode="all",component="fetch"}=0;ravel_memory_handoff_overlap_bytes{mode="all"}=0
1791434857.239	1	2715140992	2743664640	2799951872	0	0	2691650939	0	0	4400000000	2691650939	108300933	2880868352	2795106304	1	ravel_process_allocator_bytes{mode="all",allocator="jemalloc",stat="allocated"}=2715140992;ravel_process_allocator_bytes{mode="all",allocator="jemalloc",stat="active"}=2743664640;ravel_process_allocator_bytes{mode="all",allocator="jemalloc",stat="resident"}=2799951872;ravel_process_allocator_background_thread{mode="all",allocator="jemalloc"}=1;ravel_cache_resident_bytes{mode="all",cache="fetch"}=2691650939;ravel_cache_resident_bytes{mode="all",cache="catalog"}=0;ravel_memory_budget_bytes{mode="all"}=4400000000;ravel_memory_reserved_bytes{mode="all",component="sql"}=0;ravel_memory_reserved_bytes{mode="all",component="fetch"}=0;ravel_memory_handoff_overlap_bytes{mode="all"}=0
1791434862.239	1	2715161664	2743701504	2799923200	0	0	2691650939	0	0	4400000000	2691650939	108272261	2880819200	2795057152	1	ravel_process_allocator_bytes{mode="all",allocator="jemalloc",stat="allocated"}=2715161664;ravel_process_allocator_bytes{mode="all",allocator="jemalloc",stat="active"}=2743701504;ravel_process_allocator_bytes{mode="all",allocator="jemalloc",stat="resident"}=2799923200;ravel_process_allocator_background_thread{mode="all",allocator="jemalloc"}=1;ravel_cache_resident_bytes{mode="all",cache="fetch"}=2691650939;ravel_cache_resident_bytes{mode="all",cache="catalog"}=0;ravel_memory_budget_bytes{mode="all"}=4400000000;ravel_memory_reserved_bytes{mode="all",component="sql"}=0;ravel_memory_reserved_bytes{mode="all",component="fetch"}=0;ravel_memory_handoff_overlap_bytes{mode="all"}=0
1791434867.239	1	2715158544	2743697408	2800209920	0	0	2691650939	0	0	4400000000	2691650939	108558981	2881048576	2795286528	1	ravel_process_allocator_bytes{mode="all",allocator="jemalloc",stat="allocated"}=2715158544;ravel_process_allocator_bytes{mode="all",allocator="jemalloc",stat="active"}=2743697408;ravel_process_allocator_bytes{mode="all",allocator="jemalloc",stat="resident"}=2800209920;ravel_process_allocator_background_thread{mode="all",allocator="jemalloc"}=1;ravel_cache_resident_bytes{mode="all",cache="fetch"}=2691650939;ravel_cache_resident_bytes{mode="all",cache="catalog"}=0;ravel_memory_budget_bytes{mode="all"}=4400000000;ravel_memory_reserved_bytes{mode="all",component="sql"}=0;ravel_memory_reserved_bytes{mode="all",component="fetch"}=0;ravel_memory_handoff_overlap_bytes{mode="all"}=0
1791434872.239	1	2715199072	2743705600	2799669248	0	0	2691650939	0	0	4400000000	2691650939	108018309	2880655360	2794893312	1	ravel_process_allocator_bytes{mode="all",allocator="jemalloc",stat="allocated"}=2715199072;ravel_process_allocator_bytes{mode="all",allocator="jemalloc",stat="active"}=2743705600;ravel_process_allocator_bytes{mode="all",allocator="jemalloc",stat="resident"}=2799669248;ravel_process_allocator_background_thread{mode="all",allocator="jemalloc"}=1;ravel_cache_resident_bytes{mode="all",cache="fetch"}=2691650939;ravel_cache_resident_bytes{mode="all",cache="catalog"}=0;ravel_memory_budget_bytes{mode="all"}=4400000000;ravel_memory_reserved_bytes{mode="all",component="sql"}=0;ravel_memory_reserved_bytes{mode="all",component="fetch"}=0;ravel_memory_handoff_overlap_bytes{mode="all"}=0
1791434877.239	1	2715183112	2743681024	2799722496	0	0	2691650939	0	0	4400000000	2691650939	108071557	2880696320	2794934272	1	ravel_process_allocator_bytes{mode="all",allocator="jemalloc",stat="allocated"}=2715183112;ravel_process_allocator_bytes{mode="all",allocator="jemalloc",stat="active"}=2743681024;ravel_process_allocator_bytes{mode="all",allocator="jemalloc",stat="resident"}=2799722496;ravel_process_allocator_background_thread{mode="all",allocator="jemalloc"}=1;ravel_cache_resident_bytes{mode="all",cache="fetch"}=2691650939;ravel_cache_resident_bytes{mode="all",cache="catalog"}=0;ravel_memory_budget_bytes{mode="all"}=4400000000;ravel_memory_reserved_bytes{mode="all",component="sql"}=0;ravel_memory_reserved_bytes{mode="all",component="fetch"}=0;ravel_memory_handoff_overlap_bytes{mode="all"}=0
1791434882.239	1	2715152336	2743672832	2799390720	0	0	2691650939	0	0	4400000000	2691650939	107739781	2880462848	2794700800	1	ravel_process_allocator_bytes{mode="all",allocator="jemalloc",stat="allocated"}=2715152336;ravel_process_allocator_bytes{mode="all",allocator="jemalloc",stat="active"}=2743672832;ravel_process_allocator_bytes{mode="all",allocator="jemalloc",stat="resident"}=2799390720;ravel_process_allocator_background_thread{mode="all",allocator="jemalloc"}=1;ravel_cache_resident_bytes{mode="all",cache="fetch"}=2691650939;ravel_cache_resident_bytes{mode="all",cache="catalog"}=0;ravel_memory_budget_bytes{mode="all"}=4400000000;ravel_memory_reserved_bytes{mode="all",component="sql"}=0;ravel_memory_reserved_bytes{mode="all",component="fetch"}=0;ravel_memory_handoff_overlap_bytes{mode="all"}=0
1791434887.239	1	2715174352	2743681024	2799702016	0	0	2691650939	0	0	4400000000	2691650939	108051077	2880692224	2794930176	1	ravel_process_allocator_bytes{mode="all",allocator="jemalloc",stat="allocated"}=2715174352;ravel_process_allocator_bytes{mode="all",allocator="jemalloc",stat="active"}=2743681024;ravel_process_allocator_bytes{mode="all",allocator="jemalloc",stat="resident"}=2799702016;ravel_process_allocator_background_thread{mode="all",allocator="jemalloc"}=1;ravel_cache_resident_bytes{mode="all",cache="fetch"}=2691650939;ravel_cache_resident_bytes{mode="all",cache="catalog"}=0;ravel_memory_budget_bytes{mode="all"}=4400000000;ravel_memory_reserved_bytes{mode="all",component="sql"}=0;ravel_memory_reserved_bytes{mode="all",component="fetch"}=0;ravel_memory_handoff_overlap_bytes{mode="all"}=0
1791434892.239	1	2715138448	2743656448	2799702016	0	0	2691650939	0	0	4400000000	2691650939	108051077	2880696320	2794934272	1	ravel_process_allocator_bytes{mode="all",allocator="jemalloc",stat="allocated"}=2715138448;ravel_process_allocator_bytes{mode="all",allocator="jemalloc",stat="active"}=2743656448;ravel_process_allocator_bytes{mode="all",allocator="jemalloc",stat="resident"}=2799702016;ravel_process_allocator_background_thread{mode="all",allocator="jemalloc"}=1;ravel_cache_resident_bytes{mode="all",cache="fetch"}=2691650939;ravel_cache_resident_bytes{mode="all",cache="catalog"}=0;ravel_memory_budget_bytes{mode="all"}=4400000000;ravel_memory_reserved_bytes{mode="all",component="sql"}=0;ravel_memory_reserved_bytes{mode="all",component="fetch"}=0;ravel_memory_handoff_overlap_bytes{mode="all"}=0
1791434897.239	1	2715155520	2743689216	2799984640	0	0	2691650939	0	0	4400000000	2691650939	108333701	2880897024	2795134976	1	ravel_process_allocator_bytes{mode="all",allocator="jemalloc",stat="allocated"}=2715155520;ravel_process_allocator_bytes{mode="all",allocator="jemalloc",stat="active"}=2743689216;ravel_process_allocator_bytes{mode="all",allocator="jemalloc",stat="resident"}=2799984640;ravel_process_allocator_background_thread{mode="all",allocator="jemalloc"}=1;ravel_cache_resident_bytes{mode="all",cache="fetch"}=2691650939;ravel_cache_resident_bytes{mode="all",cache="catalog"}=0;ravel_memory_budget_bytes{mode="all"}=4400000000;ravel_memory_reserved_bytes{mode="all",component="sql"}=0;ravel_memory_reserved_bytes{mode="all",component="fetch"}=0;ravel_memory_handoff_overlap_bytes{mode="all"}=0
1791434902.239	1	2715141808	2743664640	2799378432	0	0	2691650939	0	0	4400000000	2691650939	107727493	2880454656	2794692608	1	ravel_process_allocator_bytes{mode="all",allocator="jemalloc",stat="allocated"}=2715141808;ravel_process_allocator_bytes{mode="all",allocator="jemalloc",stat="active"}=2743664640;ravel_process_allocator_bytes{mode="all",allocator="jemalloc",stat="resident"}=2799378432;ravel_process_allocator_background_thread{mode="all",allocator="jemalloc"}=1;ravel_cache_resident_bytes{mode="all",cache="fetch"}=2691650939;ravel_cache_resident_bytes{mode="all",cache="catalog"}=0;ravel_memory_budget_bytes{mode="all"}=4400000000;ravel_memory_reserved_bytes{mode="all",component="sql"}=0;ravel_memory_reserved_bytes{mode="all",component="fetch"}=0;ravel_memory_handoff_overlap_bytes{mode="all"}=0
1791434907.239	1	2715151408	2743660544	2799665152	0	0	2691650939	0	0	4400000000	2691650939	108014213	2880659456	2794897408	1	ravel_process_allocator_bytes{mode="all",allocator="jemalloc",stat="allocated"}=2715151408;ravel_process_allocator_bytes{mode="all",allocator="jemalloc",stat="active"}=2743660544;ravel_process_allocator_bytes{mode="all",allocator="jemalloc",stat="resident"}=2799665152;ravel_process_allocator_background_thread{mode="all",allocator="jemalloc"}=1;ravel_cache_resident_bytes{mode="all",cache="fetch"}=2691650939;ravel_cache_resident_bytes{mode="all",cache="catalog"}=0;ravel_memory_budget_bytes{mode="all"}=4400000000;ravel_memory_reserved_bytes{mode="all",component="sql"}=0;ravel_memory_reserved_bytes{mode="all",component="fetch"}=0;ravel_memory_handoff_overlap_bytes{mode="all"}=0
1791434912.239	1	2715150064	2743640064	2799353856	0	0	2691650939	0	0	4400000000	2691650939	107702917	2880659456	2794897408	1	ravel_process_allocator_bytes{mode="all",allocator="jemalloc",stat="allocated"}=2715150064;ravel_process_allocator_bytes{mode="all",allocator="jemalloc",stat="active"}=2743640064;ravel_process_allocator_bytes{mode="all",allocator="jemalloc",stat="resident"}=2799353856;ravel_process_allocator_background_thread{mode="all",allocator="jemalloc"}=1;ravel_cache_resident_bytes{mode="all",cache="fetch"}=2691650939;ravel_cache_resident_bytes{mode="all",cache="catalog"}=0;ravel_memory_budget_bytes{mode="all"}=4400000000;ravel_memory_reserved_bytes{mode="all",component="sql"}=0;ravel_memory_reserved_bytes{mode="all",component="fetch"}=0;ravel_memory_handoff_overlap_bytes{mode="all"}=0
1791434917.239	1	2715159536	2743660544	2799640576	0	0	2691650939	0	0	4400000000	2691650939	107989637	2880638976	2794876928	1	ravel_process_allocator_bytes{mode="all",allocator="jemalloc",stat="allocated"}=2715159536;ravel_process_allocator_bytes{mode="all",allocator="jemalloc",stat="active"}=2743660544;ravel_process_allocator_bytes{mode="all",allocator="jemalloc",stat="resident"}=2799640576;ravel_process_allocator_background_thread{mode="all",allocator="jemalloc"}=1;ravel_cache_resident_bytes{mode="all",cache="fetch"}=2691650939;ravel_cache_resident_bytes{mode="all",cache="catalog"}=0;ravel_memory_budget_bytes{mode="all"}=4400000000;ravel_memory_reserved_bytes{mode="all",component="sql"}=0;ravel_memory_reserved_bytes{mode="all",component="fetch"}=0;ravel_memory_handoff_overlap_bytes{mode="all"}=0
1791434922.239	1	2715143520	2743635968	2799325184	0	0	2691650939	0	0	4400000000	2691650939	107674245	2880638976	2794876928	1	ravel_process_allocator_bytes{mode="all",allocator="jemalloc",stat="allocated"}=2715143520;ravel_process_allocator_bytes{mode="all",allocator="jemalloc",stat="active"}=2743635968;ravel_process_allocator_bytes{mode="all",allocator="jemalloc",stat="resident"}=2799325184;ravel_process_allocator_background_thread{mode="all",allocator="jemalloc"}=1;ravel_cache_resident_bytes{mode="all",cache="fetch"}=2691650939;ravel_cache_resident_bytes{mode="all",cache="catalog"}=0;ravel_memory_budget_bytes{mode="all"}=4400000000;ravel_memory_reserved_bytes{mode="all",component="sql"}=0;ravel_memory_reserved_bytes{mode="all",component="fetch"}=0;ravel_memory_handoff_overlap_bytes{mode="all"}=0
1791434927.239	1	2715151584	2743660544	2799636480	0	0	2691650939	0	0	4400000000	2691650939	107985541	2880630784	2794868736	1	ravel_process_allocator_bytes{mode="all",allocator="jemalloc",stat="allocated"}=2715151584;ravel_process_allocator_bytes{mode="all",allocator="jemalloc",stat="active"}=2743660544;ravel_process_allocator_bytes{mode="all",allocator="jemalloc",stat="resident"}=2799636480;ravel_process_allocator_background_thread{mode="all",allocator="jemalloc"}=1;ravel_cache_resident_bytes{mode="all",cache="fetch"}=2691650939;ravel_cache_resident_bytes{mode="all",cache="catalog"}=0;ravel_memory_budget_bytes{mode="all"}=4400000000;ravel_memory_reserved_bytes{mode="all",component="sql"}=0;ravel_memory_reserved_bytes{mode="all",component="fetch"}=0;ravel_memory_handoff_overlap_bytes{mode="all"}=0
1791434932.239	1	2715141072	2743635968	2799636480	0	0	2691650939	0	0	4400000000	2691650939	107985541	2880634880	2794872832	1	ravel_process_allocator_bytes{mode="all",allocator="jemalloc",stat="allocated"}=2715141072;ravel_process_allocator_bytes{mode="all",allocator="jemalloc",stat="active"}=2743635968;ravel_process_allocator_bytes{mode="all",allocator="jemalloc",stat="resident"}=2799636480;ravel_process_allocator_background_thread{mode="all",allocator="jemalloc"}=1;ravel_cache_resident_bytes{mode="all",cache="fetch"}=2691650939;ravel_cache_resident_bytes{mode="all",cache="catalog"}=0;ravel_memory_budget_bytes{mode="all"}=4400000000;ravel_memory_reserved_bytes{mode="all",component="sql"}=0;ravel_memory_reserved_bytes{mode="all",component="fetch"}=0;ravel_memory_handoff_overlap_bytes{mode="all"}=0
1791434937.239	1	2715151168	2743660544	2799636480	0	0	2691650939	0	0	4400000000	2691650939	107985541	2880630784	2794868736	1	ravel_process_allocator_bytes{mode="all",allocator="jemalloc",stat="allocated"}=2715151168;ravel_process_allocator_bytes{mode="all",allocator="jemalloc",stat="active"}=2743660544;ravel_process_allocator_bytes{mode="all",allocator="jemalloc",stat="resident"}=2799636480;ravel_process_allocator_background_thread{mode="all",allocator="jemalloc"}=1;ravel_cache_resident_bytes{mode="all",cache="fetch"}=2691650939;ravel_cache_resident_bytes{mode="all",cache="catalog"}=0;ravel_memory_budget_bytes{mode="all"}=4400000000;ravel_memory_reserved_bytes{mode="all",component="sql"}=0;ravel_memory_reserved_bytes{mode="all",component="fetch"}=0;ravel_memory_handoff_overlap_bytes{mode="all"}=0
1791434942.239	1	2715173280	2743640064	2799656960	0	0	2691650939	0	0	4400000000	2691650939	108006021	2880630784	2794868736	1	ravel_process_allocator_bytes{mode="all",allocator="jemalloc",stat="allocated"}=2715173280;ravel_process_allocator_bytes{mode="all",allocator="jemalloc",stat="active"}=2743640064;ravel_process_allocator_bytes{mode="all",allocator="jemalloc",stat="resident"}=2799656960;ravel_process_allocator_background_thread{mode="all",allocator="jemalloc"}=1;ravel_cache_resident_bytes{mode="all",cache="fetch"}=2691650939;ravel_cache_resident_bytes{mode="all",cache="catalog"}=0;ravel_memory_budget_bytes{mode="all"}=4400000000;ravel_memory_reserved_bytes{mode="all",component="sql"}=0;ravel_memory_reserved_bytes{mode="all",component="fetch"}=0;ravel_memory_handoff_overlap_bytes{mode="all"}=0
1791434947.239	1	2715167968	2743640064	2799656960	0	0	2691650939	0	0	4400000000	2691650939	108006021	2880638976	2794876928	1	ravel_process_allocator_bytes{mode="all",allocator="jemalloc",stat="allocated"}=2715167968;ravel_process_allocator_bytes{mode="all",allocator="jemalloc",stat="active"}=2743640064;ravel_process_allocator_bytes{mode="all",allocator="jemalloc",stat="resident"}=2799656960;ravel_process_allocator_background_thread{mode="all",allocator="jemalloc"}=1;ravel_cache_resident_bytes{mode="all",cache="fetch"}=2691650939;ravel_cache_resident_bytes{mode="all",cache="catalog"}=0;ravel_memory_budget_bytes{mode="all"}=4400000000;ravel_memory_reserved_bytes{mode="all",component="sql"}=0;ravel_memory_reserved_bytes{mode="all",component="fetch"}=0;ravel_memory_handoff_overlap_bytes{mode="all"}=0
1791434952.239	1	2715184336	2743664640	2799656960	0	0	2691650939	0	0	4400000000	2691650939	108006021	2880638976	2794876928	1	ravel_process_allocator_bytes{mode="all",allocator="jemalloc",stat="allocated"}=2715184336;ravel_process_allocator_bytes{mode="all",allocator="jemalloc",stat="active"}=2743664640;ravel_process_allocator_bytes{mode="all",allocator="jemalloc",stat="resident"}=2799656960;ravel_process_allocator_background_thread{mode="all",allocator="jemalloc"}=1;ravel_cache_resident_bytes{mode="all",cache="fetch"}=2691650939;ravel_cache_resident_bytes{mode="all",cache="catalog"}=0;ravel_memory_budget_bytes{mode="all"}=4400000000;ravel_memory_reserved_bytes{mode="all",component="sql"}=0;ravel_memory_reserved_bytes{mode="all",component="fetch"}=0;ravel_memory_handoff_overlap_bytes{mode="all"}=0
1791434957.239	1	2715133264	2743635968	2799353856	0	0	2691650939	0	0	4400000000	2691650939	107702917	2880434176	2794672128	1	ravel_process_allocator_bytes{mode="all",allocator="jemalloc",stat="allocated"}=2715133264;ravel_process_allocator_bytes{mode="all",allocator="jemalloc",stat="active"}=2743635968;ravel_process_allocator_bytes{mode="all",allocator="jemalloc",stat="resident"}=2799353856;ravel_process_allocator_background_thread{mode="all",allocator="jemalloc"}=1;ravel_cache_resident_bytes{mode="all",cache="fetch"}=2691650939;ravel_cache_resident_bytes{mode="all",cache="catalog"}=0;ravel_memory_budget_bytes{mode="all"}=4400000000;ravel_memory_reserved_bytes{mode="all",component="sql"}=0;ravel_memory_reserved_bytes{mode="all",component="fetch"}=0;ravel_memory_handoff_overlap_bytes{mode="all"}=0
1791434962.239	1	2715153120	2743660544	2799640576	0	0	2691650939	0	0	4400000000	2691650939	107989637	2880638976	2794876928	1	ravel_process_allocator_bytes{mode="all",allocator="jemalloc",stat="allocated"}=2715153120;ravel_process_allocator_bytes{mode="all",allocator="jemalloc",stat="active"}=2743660544;ravel_process_allocator_bytes{mode="all",allocator="jemalloc",stat="resident"}=2799640576;ravel_process_allocator_background_thread{mode="all",allocator="jemalloc"}=1;ravel_cache_resident_bytes{mode="all",cache="fetch"}=2691650939;ravel_cache_resident_bytes{mode="all",cache="catalog"}=0;ravel_memory_budget_bytes{mode="all"}=4400000000;ravel_memory_reserved_bytes{mode="all",component="sql"}=0;ravel_memory_reserved_bytes{mode="all",component="fetch"}=0;ravel_memory_handoff_overlap_bytes{mode="all"}=0
1791434967.239	1	2715150416	2743660544	2799349760	0	0	2691650939	0	0	4400000000	2691650939	107698821	2880638976	2794876928	1	ravel_process_allocator_bytes{mode="all",allocator="jemalloc",stat="allocated"}=2715150416;ravel_process_allocator_bytes{mode="all",allocator="jemalloc",stat="active"}=2743660544;ravel_process_allocator_bytes{mode="all",allocator="jemalloc",stat="resident"}=2799349760;ravel_process_allocator_background_thread{mode="all",allocator="jemalloc"}=1;ravel_cache_resident_bytes{mode="all",cache="fetch"}=2691650939;ravel_cache_resident_bytes{mode="all",cache="catalog"}=0;ravel_memory_budget_bytes{mode="all"}=4400000000;ravel_memory_reserved_bytes{mode="all",component="sql"}=0;ravel_memory_reserved_bytes{mode="all",component="fetch"}=0;ravel_memory_handoff_overlap_bytes{mode="all"}=0
1791434972.239	1	2715183360	2743640064	2799636480	0	0	2691650939	0	0	4400000000	2691650939	107985541	2880634880	2794872832	1	ravel_process_allocator_bytes{mode="all",allocator="jemalloc",stat="allocated"}=2715183360;ravel_process_allocator_bytes{mode="all",allocator="jemalloc",stat="active"}=2743640064;ravel_process_allocator_bytes{mode="all",allocator="jemalloc",stat="resident"}=2799636480;ravel_process_allocator_background_thread{mode="all",allocator="jemalloc"}=1;ravel_cache_resident_bytes{mode="all",cache="fetch"}=2691650939;ravel_cache_resident_bytes{mode="all",cache="catalog"}=0;ravel_memory_budget_bytes{mode="all"}=4400000000;ravel_memory_reserved_bytes{mode="all",component="sql"}=0;ravel_memory_reserved_bytes{mode="all",component="fetch"}=0;ravel_memory_handoff_overlap_bytes{mode="all"}=0
1791434977.239	1	2715157152	2743615488	2799636480	0	0	2691650939	0	0	4400000000	2691650939	107985541	2880638976	2794876928	1	ravel_process_allocator_bytes{mode="all",allocator="jemalloc",stat="allocated"}=2715157152;ravel_process_allocator_bytes{mode="all",allocator="jemalloc",stat="active"}=2743615488;ravel_process_allocator_bytes{mode="all",allocator="jemalloc",stat="resident"}=2799636480;ravel_process_allocator_background_thread{mode="all",allocator="jemalloc"}=1;ravel_cache_resident_bytes{mode="all",cache="fetch"}=2691650939;ravel_cache_resident_bytes{mode="all",cache="catalog"}=0;ravel_memory_budget_bytes{mode="all"}=4400000000;ravel_memory_reserved_bytes{mode="all",component="sql"}=0;ravel_memory_reserved_bytes{mode="all",component="fetch"}=0;ravel_memory_handoff_overlap_bytes{mode="all"}=0
1791434982.239	1	2715117600	2743590912	2799329280	0	0	2691650939	0	0	4400000000	2691650939	107678341	2880417792	2794655744	1	ravel_process_allocator_bytes{mode="all",allocator="jemalloc",stat="allocated"}=2715117600;ravel_process_allocator_bytes{mode="all",allocator="jemalloc",stat="active"}=2743590912;ravel_process_allocator_bytes{mode="all",allocator="jemalloc",stat="resident"}=2799329280;ravel_process_allocator_background_thread{mode="all",allocator="jemalloc"}=1;ravel_cache_resident_bytes{mode="all",cache="fetch"}=2691650939;ravel_cache_resident_bytes{mode="all",cache="catalog"}=0;ravel_memory_budget_bytes{mode="all"}=4400000000;ravel_memory_reserved_bytes{mode="all",component="sql"}=0;ravel_memory_reserved_bytes{mode="all",component="fetch"}=0;ravel_memory_handoff_overlap_bytes{mode="all"}=0
1791434987.239	1	2715112736	2743590912	2799640576	0	0	2691650939	0	0	4400000000	2691650939	107989637	2880643072	2794881024	1	ravel_process_allocator_bytes{mode="all",allocator="jemalloc",stat="allocated"}=2715112736;ravel_process_allocator_bytes{mode="all",allocator="jemalloc",stat="active"}=2743590912;ravel_process_allocator_bytes{mode="all",allocator="jemalloc",stat="resident"}=2799640576;ravel_process_allocator_background_thread{mode="all",allocator="jemalloc"}=1;ravel_cache_resident_bytes{mode="all",cache="fetch"}=2691650939;ravel_cache_resident_bytes{mode="all",cache="catalog"}=0;ravel_memory_budget_bytes{mode="all"}=4400000000;ravel_memory_reserved_bytes{mode="all",component="sql"}=0;ravel_memory_reserved_bytes{mode="all",component="fetch"}=0;ravel_memory_handoff_overlap_bytes{mode="all"}=0
1791434992.239	1	2715128432	2743615488	2799304704	0	0	2691650939	0	0	4400000000	2691650939	107653765	2880389120	2794627072	1	ravel_process_allocator_bytes{mode="all",allocator="jemalloc",stat="allocated"}=2715128432;ravel_process_allocator_bytes{mode="all",allocator="jemalloc",stat="active"}=2743615488;ravel_process_allocator_bytes{mode="all",allocator="jemalloc",stat="resident"}=2799304704;ravel_process_allocator_background_thread{mode="all",allocator="jemalloc"}=1;ravel_cache_resident_bytes{mode="all",cache="fetch"}=2691650939;ravel_cache_resident_bytes{mode="all",cache="catalog"}=0;ravel_memory_budget_bytes{mode="all"}=4400000000;ravel_memory_reserved_bytes{mode="all",component="sql"}=0;ravel_memory_reserved_bytes{mode="all",component="fetch"}=0;ravel_memory_handoff_overlap_bytes{mode="all"}=0
1791434997.239	1	2715102696	2743599104	2799599616	0	0	2691650939	0	0	4400000000	2691650939	107948677	2880598016	2794835968	1	ravel_process_allocator_bytes{mode="all",allocator="jemalloc",stat="allocated"}=2715102696;ravel_process_allocator_bytes{mode="all",allocator="jemalloc",stat="active"}=2743599104;ravel_process_allocator_bytes{mode="all",allocator="jemalloc",stat="resident"}=2799599616;ravel_process_allocator_background_thread{mode="all",allocator="jemalloc"}=1;ravel_cache_resident_bytes{mode="all",cache="fetch"}=2691650939;ravel_cache_resident_bytes{mode="all",cache="catalog"}=0;ravel_memory_budget_bytes{mode="all"}=4400000000;ravel_memory_reserved_bytes{mode="all",component="sql"}=0;ravel_memory_reserved_bytes{mode="all",component="fetch"}=0;ravel_memory_handoff_overlap_bytes{mode="all"}=0
1791435002.239	1	2715107680	2743599104	2799304704	0	0	2691650939	0	0	4400000000	2691650939	107653765	2880389120	2794627072	1	ravel_process_allocator_bytes{mode="all",allocator="jemalloc",stat="allocated"}=2715107680;ravel_process_allocator_bytes{mode="all",allocator="jemalloc",stat="active"}=2743599104;ravel_process_allocator_bytes{mode="all",allocator="jemalloc",stat="resident"}=2799304704;ravel_process_allocator_background_thread{mode="all",allocator="jemalloc"}=1;ravel_cache_resident_bytes{mode="all",cache="fetch"}=2691650939;ravel_cache_resident_bytes{mode="all",cache="catalog"}=0;ravel_memory_budget_bytes{mode="all"}=4400000000;ravel_memory_reserved_bytes{mode="all",component="sql"}=0;ravel_memory_reserved_bytes{mode="all",component="fetch"}=0;ravel_memory_handoff_overlap_bytes{mode="all"}=0
1791435007.239	1	2715085168	2743562240	2799607808	0	0	2691650939	0	0	4400000000	2691650939	107956869	2880614400	2794852352	1	ravel_process_allocator_bytes{mode="all",allocator="jemalloc",stat="allocated"}=2715085168;ravel_process_allocator_bytes{mode="all",allocator="jemalloc",stat="active"}=2743562240;ravel_process_allocator_bytes{mode="all",allocator="jemalloc",stat="resident"}=2799607808;ravel_process_allocator_background_thread{mode="all",allocator="jemalloc"}=1;ravel_cache_resident_bytes{mode="all",cache="fetch"}=2691650939;ravel_cache_resident_bytes{mode="all",cache="catalog"}=0;ravel_memory_budget_bytes{mode="all"}=4400000000;ravel_memory_reserved_bytes{mode="all",component="sql"}=0;ravel_memory_reserved_bytes{mode="all",component="fetch"}=0;ravel_memory_handoff_overlap_bytes{mode="all"}=0
1791435012.239	1	2715103560	2743586816	2799566848	0	0	2691650939	0	0	4400000000	2691650939	107915909	2880770048	2795008000	1	ravel_process_allocator_bytes{mode="all",allocator="jemalloc",stat="allocated"}=2715103560;ravel_process_allocator_bytes{mode="all",allocator="jemalloc",stat="active"}=2743586816;ravel_process_allocator_bytes{mode="all",allocator="jemalloc",stat="resident"}=2799566848;ravel_process_allocator_background_thread{mode="all",allocator="jemalloc"}=1;ravel_cache_resident_bytes{mode="all",cache="fetch"}=2691650939;ravel_cache_resident_bytes{mode="all",cache="catalog"}=0;ravel_memory_budget_bytes{mode="all"}=4400000000;ravel_memory_reserved_bytes{mode="all",component="sql"}=0;ravel_memory_reserved_bytes{mode="all",component="fetch"}=0;ravel_memory_handoff_overlap_bytes{mode="all"}=0
1791435017.239	1	2715082552	2743562240	2799566848	0	0	2691650939	0	0	4400000000	2691650939	107915909	2880573440	2794811392	1	ravel_process_allocator_bytes{mode="all",allocator="jemalloc",stat="allocated"}=2715082552;ravel_process_allocator_bytes{mode="all",allocator="jemalloc",stat="active"}=2743562240;ravel_process_allocator_bytes{mode="all",allocator="jemalloc",stat="resident"}=2799566848;ravel_process_allocator_background_thread{mode="all",allocator="jemalloc"}=1;ravel_cache_resident_bytes{mode="all",cache="fetch"}=2691650939;ravel_cache_resident_bytes{mode="all",cache="catalog"}=0;ravel_memory_budget_bytes{mode="all"}=4400000000;ravel_memory_reserved_bytes{mode="all",component="sql"}=0;ravel_memory_reserved_bytes{mode="all",component="fetch"}=0;ravel_memory_handoff_overlap_bytes{mode="all"}=0
1791435022.239	1	2715097800	2743586816	2799632384	0	0	2691650939	0	0	4400000000	2691650939	107981445	2880585728	2794823680	1	ravel_process_allocator_bytes{mode="all",allocator="jemalloc",stat="allocated"}=2715097800;ravel_process_allocator_bytes{mode="all",allocator="jemalloc",stat="active"}=2743586816;ravel_process_allocator_bytes{mode="all",allocator="jemalloc",stat="resident"}=2799632384;ravel_process_allocator_background_thread{mode="all",allocator="jemalloc"}=1;ravel_cache_resident_bytes{mode="all",cache="fetch"}=2691650939;ravel_cache_resident_bytes{mode="all",cache="catalog"}=0;ravel_memory_budget_bytes{mode="all"}=4400000000;ravel_memory_reserved_bytes{mode="all",component="sql"}=0;ravel_memory_reserved_bytes{mode="all",component="fetch"}=0;ravel_memory_handoff_overlap_bytes{mode="all"}=0
1791435027.239	1	2715064544	2743533568	2799603712	0	0	2691650939	0	0	4400000000	2691650939	107952773	2880557056	2794795008	1	ravel_process_allocator_bytes{mode="all",allocator="jemalloc",stat="allocated"}=2715064544;ravel_process_allocator_bytes{mode="all",allocator="jemalloc",stat="active"}=2743533568;ravel_process_allocator_bytes{mode="all",allocator="jemalloc",stat="resident"}=2799603712;ravel_process_allocator_background_thread{mode="all",allocator="jemalloc"}=1;ravel_cache_resident_bytes{mode="all",cache="fetch"}=2691650939;ravel_cache_resident_bytes{mode="all",cache="catalog"}=0;ravel_memory_budget_bytes{mode="all"}=4400000000;ravel_memory_reserved_bytes{mode="all",component="sql"}=0;ravel_memory_reserved_bytes{mode="all",component="fetch"}=0;ravel_memory_handoff_overlap_bytes{mode="all"}=0
1791435032.239	1	2715082248	2743558144	2799517696	0	0	2691650939	0	0	4400000000	2691650939	107866757	2880520192	2794758144	1	ravel_process_allocator_bytes{mode="all",allocator="jemalloc",stat="allocated"}=2715082248;ravel_process_allocator_bytes{mode="all",allocator="jemalloc",stat="active"}=2743558144;ravel_process_allocator_bytes{mode="all",allocator="jemalloc",stat="resident"}=2799517696;ravel_process_allocator_background_thread{mode="all",allocator="jemalloc"}=1;ravel_cache_resident_bytes{mode="all",cache="fetch"}=2691650939;ravel_cache_resident_bytes{mode="all",cache="catalog"}=0;ravel_memory_budget_bytes{mode="all"}=4400000000;ravel_memory_reserved_bytes{mode="all",component="sql"}=0;ravel_memory_reserved_bytes{mode="all",component="fetch"}=0;ravel_memory_handoff_overlap_bytes{mode="all"}=0
1791435037.239	1	2715107496	2743554048	2799517696	0	0	2691650939	0	0	4400000000	2691650939	107866757	2880520192	2794758144	1	ravel_process_allocator_bytes{mode="all",allocator="jemalloc",stat="allocated"}=2715107496;ravel_process_allocator_bytes{mode="all",allocator="jemalloc",stat="active"}=2743554048;ravel_process_allocator_bytes{mode="all",allocator="jemalloc",stat="resident"}=2799517696;ravel_process_allocator_background_thread{mode="all",allocator="jemalloc"}=1;ravel_cache_resident_bytes{mode="all",cache="fetch"}=2691650939;ravel_cache_resident_bytes{mode="all",cache="catalog"}=0;ravel_memory_budget_bytes{mode="all"}=4400000000;ravel_memory_reserved_bytes{mode="all",component="sql"}=0;ravel_memory_reserved_bytes{mode="all",component="fetch"}=0;ravel_memory_handoff_overlap_bytes{mode="all"}=0
1791435042.239	1	2715090168	2743545856	2799546368	0	0	2691650939	0	0	4400000000	2691650939	107895429	2880548864	2794786816	1	ravel_process_allocator_bytes{mode="all",allocator="jemalloc",stat="allocated"}=2715090168;ravel_process_allocator_bytes{mode="all",allocator="jemalloc",stat="active"}=2743545856;ravel_process_allocator_bytes{mode="all",allocator="jemalloc",stat="resident"}=2799546368;ravel_process_allocator_background_thread{mode="all",allocator="jemalloc"}=1;ravel_cache_resident_bytes{mode="all",cache="fetch"}=2691650939;ravel_cache_resident_bytes{mode="all",cache="catalog"}=0;ravel_memory_budget_bytes{mode="all"}=4400000000;ravel_memory_reserved_bytes{mode="all",component="sql"}=0;ravel_memory_reserved_bytes{mode="all",component="fetch"}=0;ravel_memory_handoff_overlap_bytes{mode="all"}=0
1791435047.239	1	2715104888	2743570432	2799509504	0	0	2691650939	0	0	4400000000	2691650939	107858565	2880520192	2794758144	1	ravel_process_allocator_bytes{mode="all",allocator="jemalloc",stat="allocated"}=2715104888;ravel_process_allocator_bytes{mode="all",allocator="jemalloc",stat="active"}=2743570432;ravel_process_allocator_bytes{mode="all",allocator="jemalloc",stat="resident"}=2799509504;ravel_process_allocator_background_thread{mode="all",allocator="jemalloc"}=1;ravel_cache_resident_bytes{mode="all",cache="fetch"}=2691650939;ravel_cache_resident_bytes{mode="all",cache="catalog"}=0;ravel_memory_budget_bytes{mode="all"}=4400000000;ravel_memory_reserved_bytes{mode="all",component="sql"}=0;ravel_memory_reserved_bytes{mode="all",component="fetch"}=0;ravel_memory_handoff_overlap_bytes{mode="all"}=0
1791435052.239	1	2715096840	2743570432	2799570944	0	0	2691650939	0	0	4400000000	2691650939	107920005	2880573440	2794811392	1	ravel_process_allocator_bytes{mode="all",allocator="jemalloc",stat="allocated"}=2715096840;ravel_process_allocator_bytes{mode="all",allocator="jemalloc",stat="active"}=2743570432;ravel_process_allocator_bytes{mode="all",allocator="jemalloc",stat="resident"}=2799570944;ravel_process_allocator_background_thread{mode="all",allocator="jemalloc"}=1;ravel_cache_resident_bytes{mode="all",cache="fetch"}=2691650939;ravel_cache_resident_bytes{mode="all",cache="catalog"}=0;ravel_memory_budget_bytes{mode="all"}=4400000000;ravel_memory_reserved_bytes{mode="all",component="sql"}=0;ravel_memory_reserved_bytes{mode="all",component="fetch"}=0;ravel_memory_handoff_overlap_bytes{mode="all"}=0
1791435057.239	1	2715102840	2743590912	2799570944	0	0	2691650939	0	0	4400000000	2691650939	107920005	2880573440	2794811392	1	ravel_process_allocator_bytes{mode="all",allocator="jemalloc",stat="allocated"}=2715102840;ravel_process_allocator_bytes{mode="all",allocator="jemalloc",stat="active"}=2743590912;ravel_process_allocator_bytes{mode="all",allocator="jemalloc",stat="resident"}=2799570944;ravel_process_allocator_background_thread{mode="all",allocator="jemalloc"}=1;ravel_cache_resident_bytes{mode="all",cache="fetch"}=2691650939;ravel_cache_resident_bytes{mode="all",cache="catalog"}=0;ravel_memory_budget_bytes{mode="all"}=4400000000;ravel_memory_reserved_bytes{mode="all",component="sql"}=0;ravel_memory_reserved_bytes{mode="all",component="fetch"}=0;ravel_memory_handoff_overlap_bytes{mode="all"}=0
1791435062.239	1	2715080488	2743566336	2799570944	0	0	2691650939	0	0	4400000000	2691650939	107920005	2880581632	2794819584	1	ravel_process_allocator_bytes{mode="all",allocator="jemalloc",stat="allocated"}=2715080488;ravel_process_allocator_bytes{mode="all",allocator="jemalloc",stat="active"}=2743566336;ravel_process_allocator_bytes{mode="all",allocator="jemalloc",stat="resident"}=2799570944;ravel_process_allocator_background_thread{mode="all",allocator="jemalloc"}=1;ravel_cache_resident_bytes{mode="all",cache="fetch"}=2691650939;ravel_cache_resident_bytes{mode="all",cache="catalog"}=0;ravel_memory_budget_bytes{mode="all"}=4400000000;ravel_memory_reserved_bytes{mode="all",component="sql"}=0;ravel_memory_reserved_bytes{mode="all",component="fetch"}=0;ravel_memory_handoff_overlap_bytes{mode="all"}=0
1791435067.239	1	2715073736	2743554048	2799570944	0	0	2691650939	0	0	4400000000	2691650939	107920005	2880581632	2794819584	1	ravel_process_allocator_bytes{mode="all",allocator="jemalloc",stat="allocated"}=2715073736;ravel_process_allocator_bytes{mode="all",allocator="jemalloc",stat="active"}=2743554048;ravel_process_allocator_bytes{mode="all",allocator="jemalloc",stat="resident"}=2799570944;ravel_process_allocator_background_thread{mode="all",allocator="jemalloc"}=1;ravel_cache_resident_bytes{mode="all",cache="fetch"}=2691650939;ravel_cache_resident_bytes{mode="all",cache="catalog"}=0;ravel_memory_budget_bytes{mode="all"}=4400000000;ravel_memory_reserved_bytes{mode="all",component="sql"}=0;ravel_memory_reserved_bytes{mode="all",component="fetch"}=0;ravel_memory_handoff_overlap_bytes{mode="all"}=0
1791435072.239	1	2715079240	2743574528	2799452160	0	0	2691650939	0	0	4400000000	2691650939	107801221	2880458752	2794696704	1	ravel_process_allocator_bytes{mode="all",allocator="jemalloc",stat="allocated"}=2715079240;ravel_process_allocator_bytes{mode="all",allocator="jemalloc",stat="active"}=2743574528;ravel_process_allocator_bytes{mode="all",allocator="jemalloc",stat="resident"}=2799452160;ravel_process_allocator_background_thread{mode="all",allocator="jemalloc"}=1;ravel_cache_resident_bytes{mode="all",cache="fetch"}=2691650939;ravel_cache_resident_bytes{mode="all",cache="catalog"}=0;ravel_memory_budget_bytes{mode="all"}=4400000000;ravel_memory_reserved_bytes{mode="all",component="sql"}=0;ravel_memory_reserved_bytes{mode="all",component="fetch"}=0;ravel_memory_handoff_overlap_bytes{mode="all"}=0
1791435077.239	1	2715103336	2743599104	2799718400	0	0	2691650939	0	0	4400000000	2691650939	108067461	2880651264	2794889216	1	ravel_process_allocator_bytes{mode="all",allocator="jemalloc",stat="allocated"}=2715103336;ravel_process_allocator_bytes{mode="all",allocator="jemalloc",stat="active"}=2743599104;ravel_process_allocator_bytes{mode="all",allocator="jemalloc",stat="resident"}=2799718400;ravel_process_allocator_background_thread{mode="all",allocator="jemalloc"}=1;ravel_cache_resident_bytes{mode="all",cache="fetch"}=2691650939;ravel_cache_resident_bytes{mode="all",cache="catalog"}=0;ravel_memory_budget_bytes{mode="all"}=4400000000;ravel_memory_reserved_bytes{mode="all",component="sql"}=0;ravel_memory_reserved_bytes{mode="all",component="fetch"}=0;ravel_memory_handoff_overlap_bytes{mode="all"}=0
1791435082.239	1	2715068600	2743570432	2799566848	0	0	2691650939	0	0	4400000000	2691650939	107915909	2880565248	2794803200	1	ravel_process_allocator_bytes{mode="all",allocator="jemalloc",stat="allocated"}=2715068600;ravel_process_allocator_bytes{mode="all",allocator="jemalloc",stat="active"}=2743570432;ravel_process_allocator_bytes{mode="all",allocator="jemalloc",stat="resident"}=2799566848;ravel_process_allocator_background_thread{mode="all",allocator="jemalloc"}=1;ravel_cache_resident_bytes{mode="all",cache="fetch"}=2691650939;ravel_cache_resident_bytes{mode="all",cache="catalog"}=0;ravel_memory_budget_bytes{mode="all"}=4400000000;ravel_memory_reserved_bytes{mode="all",component="sql"}=0;ravel_memory_reserved_bytes{mode="all",component="fetch"}=0;ravel_memory_handoff_overlap_bytes{mode="all"}=0
1791435087.239	1	2715086872	2743595008	2799284224	0	0	2691650939	0	0	4400000000	2691650939	107633285	2880364544	2794602496	1	ravel_process_allocator_bytes{mode="all",allocator="jemalloc",stat="allocated"}=2715086872;ravel_process_allocator_bytes{mode="all",allocator="jemalloc",stat="active"}=2743595008;ravel_process_allocator_bytes{mode="all",allocator="jemalloc",stat="resident"}=2799284224;ravel_process_allocator_background_thread{mode="all",allocator="jemalloc"}=1;ravel_cache_resident_bytes{mode="all",cache="fetch"}=2691650939;ravel_cache_resident_bytes{mode="all",cache="catalog"}=0;ravel_memory_budget_bytes{mode="all"}=4400000000;ravel_memory_reserved_bytes{mode="all",component="sql"}=0;ravel_memory_reserved_bytes{mode="all",component="fetch"}=0;ravel_memory_handoff_overlap_bytes{mode="all"}=0
1791435092.239	1	2715066280	2743570432	2799525888	0	0	2691650939	0	0	4400000000	2691650939	107874949	2880524288	2794762240	1	ravel_process_allocator_bytes{mode="all",allocator="jemalloc",stat="allocated"}=2715066280;ravel_process_allocator_bytes{mode="all",allocator="jemalloc",stat="active"}=2743570432;ravel_process_allocator_bytes{mode="all",allocator="jemalloc",stat="resident"}=2799525888;ravel_process_allocator_background_thread{mode="all",allocator="jemalloc"}=1;ravel_cache_resident_bytes{mode="all",cache="fetch"}=2691650939;ravel_cache_resident_bytes{mode="all",cache="catalog"}=0;ravel_memory_budget_bytes{mode="all"}=4400000000;ravel_memory_reserved_bytes{mode="all",component="sql"}=0;ravel_memory_reserved_bytes{mode="all",component="fetch"}=0;ravel_memory_handoff_overlap_bytes{mode="all"}=0
1791435097.239	1	2715097736	2743554048	2799284224	0	0	2691650939	0	0	4400000000	2691650939	107633285	2880364544	2794602496	1	ravel_process_allocator_bytes{mode="all",allocator="jemalloc",stat="allocated"}=2715097736;ravel_process_allocator_bytes{mode="all",allocator="jemalloc",stat="active"}=2743554048;ravel_process_allocator_bytes{mode="all",allocator="jemalloc",stat="resident"}=2799284224;ravel_process_allocator_background_thread{mode="all",allocator="jemalloc"}=1;ravel_cache_resident_bytes{mode="all",cache="fetch"}=2691650939;ravel_cache_resident_bytes{mode="all",cache="catalog"}=0;ravel_memory_budget_bytes{mode="all"}=4400000000;ravel_memory_reserved_bytes{mode="all",component="sql"}=0;ravel_memory_reserved_bytes{mode="all",component="fetch"}=0;ravel_memory_handoff_overlap_bytes{mode="all"}=0
1791435102.239	1	2715139464	2743595008	2799570944	0	0	2691650939	0	0	4400000000	2691650939	107920005	2880552960	2794790912	1	ravel_process_allocator_bytes{mode="all",allocator="jemalloc",stat="allocated"}=2715139464;ravel_process_allocator_bytes{mode="all",allocator="jemalloc",stat="active"}=2743595008;ravel_process_allocator_bytes{mode="all",allocator="jemalloc",stat="resident"}=2799570944;ravel_process_allocator_background_thread{mode="all",allocator="jemalloc"}=1;ravel_cache_resident_bytes{mode="all",cache="fetch"}=2691650939;ravel_cache_resident_bytes{mode="all",cache="catalog"}=0;ravel_memory_budget_bytes{mode="all"}=4400000000;ravel_memory_reserved_bytes{mode="all",component="sql"}=0;ravel_memory_reserved_bytes{mode="all",component="fetch"}=0;ravel_memory_handoff_overlap_bytes{mode="all"}=0
1791435107.239	1	2715158496	2743595008	2799599616	0	0	2691650939	0	0	4400000000	2691650939	107948677	2880598016	2794835968	1	ravel_process_allocator_bytes{mode="all",allocator="jemalloc",stat="allocated"}=2715158496;ravel_process_allocator_bytes{mode="all",allocator="jemalloc",stat="active"}=2743595008;ravel_process_allocator_bytes{mode="all",allocator="jemalloc",stat="resident"}=2799599616;ravel_process_allocator_background_thread{mode="all",allocator="jemalloc"}=1;ravel_cache_resident_bytes{mode="all",cache="fetch"}=2691650939;ravel_cache_resident_bytes{mode="all",cache="catalog"}=0;ravel_memory_budget_bytes{mode="all"}=4400000000;ravel_memory_reserved_bytes{mode="all",component="sql"}=0;ravel_memory_reserved_bytes{mode="all",component="fetch"}=0;ravel_memory_handoff_overlap_bytes{mode="all"}=0
1791435112.239	1	2715161544	2743627776	2799599616	0	0	2691650939	0	0	4400000000	2691650939	107948677	2880598016	2794835968	1	ravel_process_allocator_bytes{mode="all",allocator="jemalloc",stat="allocated"}=2715161544;ravel_process_allocator_bytes{mode="all",allocator="jemalloc",stat="active"}=2743627776;ravel_process_allocator_bytes{mode="all",allocator="jemalloc",stat="resident"}=2799599616;ravel_process_allocator_background_thread{mode="all",allocator="jemalloc"}=1;ravel_cache_resident_bytes{mode="all",cache="fetch"}=2691650939;ravel_cache_resident_bytes{mode="all",cache="catalog"}=0;ravel_memory_budget_bytes{mode="all"}=4400000000;ravel_memory_reserved_bytes{mode="all",component="sql"}=0;ravel_memory_reserved_bytes{mode="all",component="fetch"}=0;ravel_memory_handoff_overlap_bytes{mode="all"}=0
1791435117.239	1	2715131744	2743578624	2799599616	0	0	2691650939	0	0	4400000000	2691650939	107948677	2880602112	2794840064	1	ravel_process_allocator_bytes{mode="all",allocator="jemalloc",stat="allocated"}=2715131744;ravel_process_allocator_bytes{mode="all",allocator="jemalloc",stat="active"}=2743578624;ravel_process_allocator_bytes{mode="all",allocator="jemalloc",stat="resident"}=2799599616;ravel_process_allocator_background_thread{mode="all",allocator="jemalloc"}=1;ravel_cache_resident_bytes{mode="all",cache="fetch"}=2691650939;ravel_cache_resident_bytes{mode="all",cache="catalog"}=0;ravel_memory_budget_bytes{mode="all"}=4400000000;ravel_memory_reserved_bytes{mode="all",component="sql"}=0;ravel_memory_reserved_bytes{mode="all",component="fetch"}=0;ravel_memory_handoff_overlap_bytes{mode="all"}=0
1791435122.239	1	2715133112	2743603200	2799292416	0	0	2691650939	0	0	4400000000	2691650939	107641477	2880602112	2794840064	1	ravel_process_allocator_bytes{mode="all",allocator="jemalloc",stat="allocated"}=2715133112;ravel_process_allocator_bytes{mode="all",allocator="jemalloc",stat="active"}=2743603200;ravel_process_allocator_bytes{mode="all",allocator="jemalloc",stat="resident"}=2799292416;ravel_process_allocator_background_thread{mode="all",allocator="jemalloc"}=1;ravel_cache_resident_bytes{mode="all",cache="fetch"}=2691650939;ravel_cache_resident_bytes{mode="all",cache="catalog"}=0;ravel_memory_budget_bytes{mode="all"}=4400000000;ravel_memory_reserved_bytes{mode="all",component="sql"}=0;ravel_memory_reserved_bytes{mode="all",component="fetch"}=0;ravel_memory_handoff_overlap_bytes{mode="all"}=0
1791435127.239	1	2715123032	2743578624	2799579136	0	0	2691650939	0	0	4400000000	2691650939	107928197	2880581632	2794819584	1	ravel_process_allocator_bytes{mode="all",allocator="jemalloc",stat="allocated"}=2715123032;ravel_process_allocator_bytes{mode="all",allocator="jemalloc",stat="active"}=2743578624;ravel_process_allocator_bytes{mode="all",allocator="jemalloc",stat="resident"}=2799579136;ravel_process_allocator_background_thread{mode="all",allocator="jemalloc"}=1;ravel_cache_resident_bytes{mode="all",cache="fetch"}=2691650939;ravel_cache_resident_bytes{mode="all",cache="catalog"}=0;ravel_memory_budget_bytes{mode="all"}=4400000000;ravel_memory_reserved_bytes{mode="all",component="sql"}=0;ravel_memory_reserved_bytes{mode="all",component="fetch"}=0;ravel_memory_handoff_overlap_bytes{mode="all"}=0
1791435132.239	1	2715138408	2743578624	2799583232	0	0	2691650939	0	0	4400000000	2691650939	107932293	2880589824	2794827776	1	ravel_process_allocator_bytes{mode="all",allocator="jemalloc",stat="allocated"}=2715138408;ravel_process_allocator_bytes{mode="all",allocator="jemalloc",stat="active"}=2743578624;ravel_process_allocator_bytes{mode="all",allocator="jemalloc",stat="resident"}=2799583232;ravel_process_allocator_background_thread{mode="all",allocator="jemalloc"}=1;ravel_cache_resident_bytes{mode="all",cache="fetch"}=2691650939;ravel_cache_resident_bytes{mode="all",cache="catalog"}=0;ravel_memory_budget_bytes{mode="all"}=4400000000;ravel_memory_reserved_bytes{mode="all",component="sql"}=0;ravel_memory_reserved_bytes{mode="all",component="fetch"}=0;ravel_memory_handoff_overlap_bytes{mode="all"}=0
1791435137.239	1	2715171560	2743582720	2799448064	0	0	2691650939	0	0	4400000000	2691650939	107797125	2880471040	2794708992	1	ravel_process_allocator_bytes{mode="all",allocator="jemalloc",stat="allocated"}=2715171560;ravel_process_allocator_bytes{mode="all",allocator="jemalloc",stat="active"}=2743582720;ravel_process_allocator_bytes{mode="all",allocator="jemalloc",stat="resident"}=2799448064;ravel_process_allocator_background_thread{mode="all",allocator="jemalloc"}=1;ravel_cache_resident_bytes{mode="all",cache="fetch"}=2691650939;ravel_cache_resident_bytes{mode="all",cache="catalog"}=0;ravel_memory_budget_bytes{mode="all"}=4400000000;ravel_memory_reserved_bytes{mode="all",component="sql"}=0;ravel_memory_reserved_bytes{mode="all",component="fetch"}=0;ravel_memory_handoff_overlap_bytes{mode="all"}=0
1791435142.239	1	2715160592	2743578624	2799734784	0	0	2691650939	0	0	4400000000	2691650939	108083845	2880675840	2794913792	1	ravel_process_allocator_bytes{mode="all",allocator="jemalloc",stat="allocated"}=2715160592;ravel_process_allocator_bytes{mode="all",allocator="jemalloc",stat="active"}=2743578624;ravel_process_allocator_bytes{mode="all",allocator="jemalloc",stat="resident"}=2799734784;ravel_process_allocator_background_thread{mode="all",allocator="jemalloc"}=1;ravel_cache_resident_bytes{mode="all",cache="fetch"}=2691650939;ravel_cache_resident_bytes{mode="all",cache="catalog"}=0;ravel_memory_budget_bytes{mode="all"}=4400000000;ravel_memory_reserved_bytes{mode="all",component="sql"}=0;ravel_memory_reserved_bytes{mode="all",component="fetch"}=0;ravel_memory_handoff_overlap_bytes{mode="all"}=0
1791435147.239	1	2715152184	2743574528	2799583232	0	0	2691650939	0	0	4400000000	2691650939	107932293	2880589824	2794827776	1	ravel_process_allocator_bytes{mode="all",allocator="jemalloc",stat="allocated"}=2715152184;ravel_process_allocator_bytes{mode="all",allocator="jemalloc",stat="active"}=2743574528;ravel_process_allocator_bytes{mode="all",allocator="jemalloc",stat="resident"}=2799583232;ravel_process_allocator_background_thread{mode="all",allocator="jemalloc"}=1;ravel_cache_resident_bytes{mode="all",cache="fetch"}=2691650939;ravel_cache_resident_bytes{mode="all",cache="catalog"}=0;ravel_memory_budget_bytes{mode="all"}=4400000000;ravel_memory_reserved_bytes{mode="all",component="sql"}=0;ravel_memory_reserved_bytes{mode="all",component="fetch"}=0;ravel_memory_handoff_overlap_bytes{mode="all"}=0
1791435152.239	1	2715141920	2743574528	2799869952	0	0	2691650939	0	0	4400000000	2691650939	108219013	2880794624	2795032576	1	ravel_process_allocator_bytes{mode="all",allocator="jemalloc",stat="allocated"}=2715141920;ravel_process_allocator_bytes{mode="all",allocator="jemalloc",stat="active"}=2743574528;ravel_process_allocator_bytes{mode="all",allocator="jemalloc",stat="resident"}=2799869952;ravel_process_allocator_background_thread{mode="all",allocator="jemalloc"}=1;ravel_cache_resident_bytes{mode="all",cache="fetch"}=2691650939;ravel_cache_resident_bytes{mode="all",cache="catalog"}=0;ravel_memory_budget_bytes{mode="all"}=4400000000;ravel_memory_reserved_bytes{mode="all",component="sql"}=0;ravel_memory_reserved_bytes{mode="all",component="fetch"}=0;ravel_memory_handoff_overlap_bytes{mode="all"}=0
1791435157.239	1	2715130464	2743574528	2799759360	0	0	2691650939	0	0	4400000000	2691650939	108108421	2880700416	2794938368	1	ravel_process_allocator_bytes{mode="all",allocator="jemalloc",stat="allocated"}=2715130464;ravel_process_allocator_bytes{mode="all",allocator="jemalloc",stat="active"}=2743574528;ravel_process_allocator_bytes{mode="all",allocator="jemalloc",stat="resident"}=2799759360;ravel_process_allocator_background_thread{mode="all",allocator="jemalloc"}=1;ravel_cache_resident_bytes{mode="all",cache="fetch"}=2691650939;ravel_cache_resident_bytes{mode="all",cache="catalog"}=0;ravel_memory_budget_bytes{mode="all"}=4400000000;ravel_memory_reserved_bytes{mode="all",component="sql"}=0;ravel_memory_reserved_bytes{mode="all",component="fetch"}=0;ravel_memory_handoff_overlap_bytes{mode="all"}=0
1791435162.239	1	2715119632	2743545856	2799759360	0	0	2691650939	0	0	4400000000	2691650939	108108421	2880700416	2794938368	1	ravel_process_allocator_bytes{mode="all",allocator="jemalloc",stat="allocated"}=2715119632;ravel_process_allocator_bytes{mode="all",allocator="jemalloc",stat="active"}=2743545856;ravel_process_allocator_bytes{mode="all",allocator="jemalloc",stat="resident"}=2799759360;ravel_process_allocator_background_thread{mode="all",allocator="jemalloc"}=1;ravel_cache_resident_bytes{mode="all",cache="fetch"}=2691650939;ravel_cache_resident_bytes{mode="all",cache="catalog"}=0;ravel_memory_budget_bytes{mode="all"}=4400000000;ravel_memory_reserved_bytes{mode="all",component="sql"}=0;ravel_memory_reserved_bytes{mode="all",component="fetch"}=0;ravel_memory_handoff_overlap_bytes{mode="all"}=0
1791435167.239	1	2715101888	2743545856	2799411200	0	0	2691650939	0	0	4400000000	2691650939	107760261	2880438272	2794676224	1	ravel_process_allocator_bytes{mode="all",allocator="jemalloc",stat="allocated"}=2715101888;ravel_process_allocator_bytes{mode="all",allocator="jemalloc",stat="active"}=2743545856;ravel_process_allocator_bytes{mode="all",allocator="jemalloc",stat="resident"}=2799411200;ravel_process_allocator_background_thread{mode="all",allocator="jemalloc"}=1;ravel_cache_resident_bytes{mode="all",cache="fetch"}=2691650939;ravel_cache_resident_bytes{mode="all",cache="catalog"}=0;ravel_memory_budget_bytes{mode="all"}=4400000000;ravel_memory_reserved_bytes{mode="all",component="sql"}=0;ravel_memory_reserved_bytes{mode="all",component="fetch"}=0;ravel_memory_handoff_overlap_bytes{mode="all"}=0
1791435172.239	1	2715117632	2743533568	2799411200	0	0	2691650939	0	0	4400000000	2691650939	107760261	2880442368	2794680320	1	ravel_process_allocator_bytes{mode="all",allocator="jemalloc",stat="allocated"}=2715117632;ravel_process_allocator_bytes{mode="all",allocator="jemalloc",stat="active"}=2743533568;ravel_process_allocator_bytes{mode="all",allocator="jemalloc",stat="resident"}=2799411200;ravel_process_allocator_background_thread{mode="all",allocator="jemalloc"}=1;ravel_cache_resident_bytes{mode="all",cache="fetch"}=2691650939;ravel_cache_resident_bytes{mode="all",cache="catalog"}=0;ravel_memory_budget_bytes{mode="all"}=4400000000;ravel_memory_reserved_bytes{mode="all",component="sql"}=0;ravel_memory_reserved_bytes{mode="all",component="fetch"}=0;ravel_memory_handoff_overlap_bytes{mode="all"}=0
1791435177.239	0															scrape_error=URLError
# 1791435177.239 pid 3546400 gone
